name,price,chipset,memory,core_clock,boost_clock,length,Brand,Model,Rank,Benchmark,tdp,avg_p2p
MSI GeForce RTX 3060 Ventus 2X 12G,289.39,GeForce RTX 3060 12GB,12.0,1320.0,1777.0,235.0,Nvidia,RTX 3060,59,100.0,170,5.35091053595494
Gigabyte WINDFORCE OC,549.99,GeForce RTX 4070,12.0,1920.0,2490.0,261.0,Nvidia,RTX 4070,14,190.0,200,4.009163802978236
ASRock Radeon RX6700XT CLD 12G,375.99,Radeon RX 6700 XT,12.0,2321.0,2581.0,269.0,AMD,RX 6700-XT,40,122.0,230,6.518790393361526
Asus DUAL OC,309.99,GeForce RTX 4060,8.0,1830.0,2535.0,227.0,Nvidia,RTX 4060,39,122.0,115,7.040549695151457
Asus ROG STRIX GAMING OC,2313.98,GeForce RTX 4090,24.0,2235.0,2640.0,358.0,Nvidia,RTX 4090,1,370.0,450,1.0533798909238627
Asus TUF GAMING OC,849.0,GeForce RTX 4070 Ti,12.0,2310.0,2760.0,305.0,Nvidia,RTX 4070-Ti,4,240.0,285,2.9858657243816253
Gigabyte GAMING OC,499.99,Radeon RX 7800 XT,16.0,1295.0,2565.0,302.0,AMD,RX 7800-XT,13,190.0,270,3.860077201544031
Asus DUAL OC,589.99,GeForce RTX 4070,12.0,2520.0,2550.0,267.0,Nvidia,RTX 4070,14,190.0,200,4.2966829946270275
MSI VENTUS 2X BLACK OC,294.99,GeForce RTX 4060,8.0,1830.0,2505.0,199.0,Nvidia,RTX 4060,39,122.0,115,7.347706701922099
XFX Speedster MERC 310 Black Edition,944.99,Radeon RX 7900 XTX,24.0,2300.0,2615.0,344.0,AMD,RX 7900-XTX,3,256.0,355,2.6005566196467687
NVIDIA Founders Edition,2299.98,GeForce RTX 4090,24.0,2230.0,2520.0,304.0,Nvidia,RTX 4090,1,370.0,450,1.0326176749363039
MSI RTX 3060 Ventus 3X 12G OC,297.0,GeForce RTX 3060 12GB,12.0,1320.0,1807.0,316.0,Nvidia,RTX 3060,59,100.0,170,5.264309764309765
Gigabyte WINDFORCE OC,779.99,GeForce RTX 4070 Ti,12.0,2310.0,2625.0,261.0,Nvidia,RTX 4070-Ti,4,240.0,285,3.16350209618072
XFX Speedster SWFT 319,420.65,Radeon RX 6800,16.0,1700.0,2105.0,340.0,AMD,RX 6800,27,143.0,250,4.522762391536908
Asus ROG STRIX GAMING OC,2413.98,GeForce RTX 4090,24.0,2235.0,2640.0,358.0,Nvidia,RTX 4090,1,370.0,450,1.0097432455944126
XFX Speedster MERC 310 Black Edition,709.99,Radeon RX 7900 XT,20.0,2000.0,2560.0,344.0,AMD,RX 7900-XT,6,220.0,300,3.2113128353920475
PowerColor Fighter,204.99,Radeon RX 6600,8.0,1626.0,2491.0,200.0,AMD,RX 6600,78,86.2,132,10.041953266012976
Sapphire PURE,539.99,Radeon RX 7800 XT,16.0,1295.0,2475.0,320.0,AMD,RX 7800-XT,13,190.0,270,3.4908053852849124
Asus TUF GAMING,809.99,GeForce RTX 4070 Ti,12.0,2310.0,2640.0,305.0,Nvidia,RTX 4070-Ti,4,240.0,285,3.0555932789293694
Asus DUAL OC,569.99,GeForce RTX 4070,12.0,2520.0,2550.0,267.0,Nvidia,RTX 4070,14,190.0,200,4.447446446428884
PowerColor Fighter,375.2,Radeon RX 6700 XT,12.0,2321.0,2581.0,228.0,AMD,RX 6700-XT,40,122.0,230,6.532515991471216
NVIDIA Founders Edition,727.99,GeForce RTX 4070,12.0,1920.0,2480.0,244.0,Nvidia,RTX 4070,14,190.0,200,3.0220195332353468
XFX Speedster SWFT 210,229.99,Radeon RX 6600,8.0,1626.0,2491.0,241.0,AMD,RX 6600,78,86.2,132,8.950389147354233
Asus ROG Matrix Platinum,4193.99,GeForce RTX 4090,24.0,2670.0,2700.0,286.0,Nvidia,RTX 4090,1,370.0,450,0.6402018125937353
XFX Speedster SWFT 309,349.99,Radeon RX 6700 XT,12.0,2321.0,2581.0,304.0,AMD,RX 6700-XT,40,122.0,230,7.003057230206577
Asus Dual GeForce RTX 3060 V2 OC Edition,299.99,GeForce RTX 3060 12GB,12.0,1320.0,1867.0,200.0,Nvidia,RTX 3060,59,100.0,170,5.31184372812427
MSI VENTUS 2X OC,549.99,GeForce RTX 4070,12.0,1920.0,2520.0,242.0,Nvidia,RTX 4070,14,190.0,200,4.036437026127747
Gigabyte GAMING OC Rev 2.0,424.99,GeForce RTX 3070 LHR,8.0,1500.0,1815.0,286.0,Nvidia,RTX 3070,25,148.0,220,3.9000917668651027
Asus DUAL OC,299.99,GeForce RTX 3060 12GB,12.0,1320.0,1867.0,200.0,Nvidia,RTX 3060,59,100.0,170,5.31184372812427
NVIDIA Founders Edition,1599.99,GeForce RTX 4080,16.0,2210.0,2510.0,304.0,Nvidia,RTX 4080,2,290.0,320,1.4750092188076174
XFX Speedster QICK 319 Core,389.99,Radeon RX 6750 XT,12.0,2150.0,2600.0,323.0,AMD,RX 6750-XT,33,130.0,250,6.089899741019
MSI VENTUS 2X XS OC,219.99,GeForce RTX 3050 8GB,8.0,1550.0,1807.0,205.0,Nvidia,RTX 3050,92,74.8,130,7.629892267830355
NVIDIA Founders Edition,519.0,GeForce RTX 3060 Ti,8.0,1410.0,1670.0,242.0,Nvidia,RTX 3060-Ti,34,128.0,200,2.9672447013487475
Sapphire PULSE,979.99,Radeon RX 7900 XTX,24.0,2300.0,2525.0,313.0,AMD,RX 7900-XTX,3,256.0,355,2.461759813875652
Asus TUF GAMING OC,649.99,GeForce RTX 4070,12.0,2550.0,2580.0,301.0,Nvidia,RTX 4070,14,190.0,200,3.946214557147033
MSI VENTUS 2X BLACK OC,449.99,GeForce RTX 4060 Ti,16.0,2310.0,2625.0,199.0,Nvidia,RTX 4060-Ti,26,145.0,160,5.483455187893064
Sapphire NITRO+,1059.99,Radeon RX 7900 XTX,24.0,2300.0,2680.0,320.0,AMD,RX 7900-XTX,3,256.0,355,2.3490787648940086
Gigabyte GAMING OC,439.99,Radeon RX 7700 XT,12.0,1700.0,2599.0,302.0,AMD,RX 7700-XT,19,170.0,245,4.885338303143254
Asus TUF GAMING,1509.14,GeForce RTX 4080,16.0,2205.0,2535.0,348.0,Nvidia,RTX 4080,2,290.0,320,1.5704308414063637
Sapphire PULSE,269.99,Radeon RX 7600,8.0,1720.0,2755.0,240.0,AMD,RX 7600,45,115.0,165,8.287343975702804
Gigabyte EAGLE,219.94,Radeon RX 6600,8.0,1626.0,2491.0,282.0,AMD,RX 6600,78,86.2,132,9.359370737473856
Sapphire PULSE,476.98,Radeon RX 6700 XT,12.0,2321.0,2581.0,260.0,AMD,RX 6700-XT,40,122.0,230,5.138580233972074
XFX Speedster SWFT 210 Core,259.99,Radeon RX 6650 XT,8.0,2055.0,2635.0,241.0,AMD,RX 6650-XT,50,110.0,180,9.019577676064463
Asus TUF GAMING OC,2019.98,GeForce RTX 4090,24.0,2235.0,2595.0,348.0,Nvidia,RTX 4090,1,370.0,450,1.195556391647442
PowerColor Hellhound OC,529.99,Radeon RX 7800 XT,16.0,1295.0,2520.0,322.0,AMD,RX 7800-XT,13,190.0,270,3.5991245117832413
Asus ROG STRIX GAMING OC,909.99,GeForce RTX 4070 Ti,12.0,2310.0,2790.0,336.0,Nvidia,RTX 4070-Ti,4,240.0,285,2.8022285959186366
Gigabyte AERO OC V2,819.99,GeForce RTX 4070 Ti,12.0,2310.0,2640.0,300.0,Nvidia,RTX 4070-Ti,4,240.0,285,3.0183294918230708
Asus DUAL OC,399.99,GeForce RTX 4060 Ti,8.0,2310.0,2595.0,227.0,Nvidia,RTX 4060-Ti,26,145.0,160,6.1314032850821265
XFX Speedster MERC 319 Black,539.99,Radeon RX 7800 XT,16.0,1295.0,2565.0,326.0,AMD,RX 7800-XT,13,190.0,270,3.5741402618567006
XFX Speedster MERC 319 CORE,559.79,Radeon RX 6800 XT,16.0,1825.0,2250.0,340.0,AMD,RX 6800-XT,18,171.0,300,3.639757766305222
Sapphire PULSE,709.99,Radeon RX 7900 XT,20.0,2000.0,2450.0,313.0,AMD,RX 7900-XT,6,220.0,300,3.133846955590924
Asus ROG STRIX GAMING OC,1799.0,GeForce RTX 4080,16.0,2205.0,2655.0,358.0,Nvidia,RTX 4080,2,290.0,320,1.350750416898277
ASRock Phantom Gaming OC,979.99,Radeon RX 7900 XTX,24.0,2300.0,2615.0,330.0,AMD,RX 7900-XTX,3,256.0,355,2.5076786497821404
PowerColor Hellhound,979.99,Radeon RX 7900 XTX,24.0,2300.0,2525.0,320.0,AMD,RX 7900-XTX,3,256.0,355,2.461759813875652
Zotac Twin Edge,534.99,GeForce RTX 4070,12.0,1920.0,2475.0,226.0,Nvidia,RTX 4070,14,190.0,200,4.107553412213313
Asus ROG STRIX GAMING OC,1839.9,GeForce RTX 4080,16.0,2205.0,2655.0,358.0,Nvidia,RTX 4080,2,290.0,320,1.3207239523887169
XFX Speedster QICK 319 Core,519.99,Radeon RX 7800 XT,16.0,1295.0,2430.0,335.0,AMD,RX 7800-XT,13,190.0,270,3.581799649993269
ASRock Taichi OC,1049.99,Radeon RX 7900 XTX,24.0,2300.0,2680.0,345.0,AMD,RX 7900-XTX,3,256.0,355,2.371451156677683
Gigabyte GAMING OC,269.99,Radeon RX 7600,8.0,1720.0,2755.0,282.0,AMD,RX 7600,45,115.0,165,8.287343975702804
PowerColor Fighter,249.99,Radeon RX 6650 XT,8.0,2055.0,2635.0,200.0,AMD,RX 6650-XT,50,110.0,180,9.380375215008598
EVGA FTW3 ULTRA GAMING,944.99,GeForce RTX 3080 10GB,10.0,1440.0,1800.0,300.0,Nvidia,RTX 3080,16,187.0,320,1.7143038550672494
ASRock Challenger OC,449.99,Radeon RX 7700 XT,12.0,1700.0,2854.0,266.0,AMD,RX 7700-XT,19,170.0,245,5.060112446943266
Asus DUAL,549.99,GeForce RTX 4070,12.0,2475.0,2505.0,267.0,Nvidia,RTX 4070,14,190.0,200,4.527355042818961
MSI GAMING X SLIM,1199.99,GeForce RTX 4080,16.0,2205.0,2610.0,322.0,Nvidia,RTX 4080,2,290.0,320,2.006266718889324
Zotac GAMING Twin Edge OC,349.99,GeForce RTX 3060 12GB,12.0,1320.0,1807.0,224.0,Nvidia,RTX 3060,59,100.0,170,4.467270493442669
Sapphire PULSE,214.99,Radeon RX 6600,8.0,1626.0,2491.0,193.0,AMD,RX 6600,78,86.2,132,9.574863947160333
MSI GAMING X TRIO,869.99,GeForce RTX 4070 Ti,12.0,2310.0,2760.0,337.0,Nvidia,RTX 4070-Ti,4,240.0,285,2.913826595707997
MSI GAMING X SLIM,779.99,GeForce RTX 4070 Ti,12.0,2310.0,2745.0,307.0,Nvidia,RTX 4070-Ti,4,240.0,285,3.2404261593097345
Zotac GAMING Trinity OC,769.99,GeForce RTX 4070 Ti,12.0,2310.0,2625.0,307.0,Nvidia,RTX 4070-Ti,4,240.0,285,3.204587072559384
Zotac GAMING Twin Edge OC,319.99,GeForce RTX 4060,8.0,1830.0,2490.0,221.0,Nvidia,RTX 4060,39,122.0,115,6.750210944092002
Gigabyte AERO OC,2269.69,GeForce RTX 4090,24.0,2520.0,2535.0,342.0,Nvidia,RTX 4090,1,370.0,450,1.1135881992695036
ASRock Challenger OC,499.99,Radeon RX 7800 XT,16.0,1295.0,2475.0,267.0,AMD,RX 7800-XT,13,190.0,270,3.77007540150803
Gigabyte WINDFORCE OC,449.99,GeForce RTX 4060 Ti,16.0,2310.0,2565.0,201.0,Nvidia,RTX 4060-Ti,26,145.0,160,5.416787039711993
Gigabyte GAMING OC,619.9,GeForce RTX 3070,8.0,1500.0,1815.0,286.0,Nvidia,RTX 3070,25,148.0,220,2.6738183577996453
MSI RX 6600 XT MECH 2X 8G OC,475.86,Radeon RX 6600 XT,8.0,1968.0,2602.0,235.0,AMD,RX 6600-XT,54,107.0,160,4.801832471735384
MSI GeForce RTX 2060 VENTUS GP OC,347.9,GeForce RTX 2060,6.0,1365.0,1710.0,231.0,Nvidia,RTX 2060,72,89.8,160,4.4193733831560795
MSI VENTUS 2X OC,304.99,GeForce RTX 4060,8.0,1830.0,2505.0,199.0,Nvidia,RTX 4060,39,122.0,115,7.106790386570051
ASRock Phantom Gaming OC,709.99,Radeon RX 7900 XT,20.0,2000.0,2450.0,330.0,AMD,RX 7900-XT,6,220.0,300,3.133846955590924
PowerColor Hellhound Spectral,999.99,Radeon RX 7900 XTX,24.0,2300.0,2525.0,338.0,AMD,RX 7900-XTX,3,256.0,355,2.4125241252412524
Asus TUF GAMING OC,879.99,GeForce RTX 4070 Ti,12.0,2310.0,2760.0,305.0,Nvidia,RTX 4070-Ti,4,240.0,285,2.8807145535744727
ASRock Challenger Pro OC,379.99,Radeon RX 6750 XT,12.0,2150.0,2618.0,303.0,AMD,RX 6750-XT,33,130.0,250,6.273849311823994
Asus TUF GAMING OC,599.0,GeForce RTX 3060 Ti,8.0,1410.0,1785.0,302.0,Nvidia,RTX 3060-Ti,34,128.0,200,2.6669449081803007
ASRock Challenger,219.99,Radeon RX 6600,8.0,1626.0,2491.0,269.0,AMD,RX 6600,78,86.2,132,9.357243511068685
PowerColor Hellhound,749.99,Radeon RX 7900 XT,20.0,2000.0,2500.0,320.0,AMD,RX 7900-XT,6,220.0,300,3.0000400005333407
XFX Speedster SWFT 210 Core,269.99,Radeon RX 7600,8.0,1875.0,2655.0,241.0,AMD,RX 7600,45,115.0,165,8.389199599985185
Acer Predator BiFrost OC,299.99,Arc A770,16.0,2200.0,2400.0,267.0,Intel,Arc A770,51,110.0,225,7.666922230741024
Zotac GAMING Twin Edge OC,474.9,GeForce RTX 3060 Ti LHR,8.0,1410.0,1695.0,222.0,Nvidia,RTX 3060-Ti,34,128.0,200,3.2691092861655084
MSI MECH 2X OC,174.99,Radeon RX 6500 XT,4.0,2310.0,2825.0,172.0,AMD,RX 6500-XT,123,50.3,107,14.672266986684953
Gigabyte GAMING OC,479.99,GeForce RTX 4060 Ti,16.0,2310.0,2595.0,281.0,Nvidia,RTX 4060-Ti,26,145.0,160,5.109481447530157
Gigabyte AERO OC,509.99,GeForce RTX 4060 Ti,16.0,2310.0,2595.0,281.0,Nvidia,RTX 4060-Ti,26,145.0,160,4.808917821918077
Gigabyte GAMING OC,979.99,Radeon RX 7900 XTX,24.0,2300.0,2525.0,331.0,AMD,RX 7900-XTX,3,256.0,355,2.461759813875652
Asus DUAL OC,319.99,GeForce RTX 4060,8.0,1830.0,2535.0,227.0,Nvidia,RTX 4060,39,122.0,115,6.820525641426294
PowerColor Hellhound Spectral,579.99,Radeon RX 7800 XT,16.0,1295.0,2520.0,322.0,AMD,RX 7800-XT,13,190.0,270,3.288849807755306
NVIDIA Founders Edition,1247.0,GeForce RTX 3080 Ti,12.0,1370.0,1670.0,285.0,Nvidia,RTX 3080-Ti,10,204.0,350,1.218925421010425
Gigabyte EAGLE OC,487.98,GeForce RTX 3070,8.0,1500.0,1770.0,282.0,Nvidia,RTX 3070,25,148.0,220,3.3505471535718674
XFX Speedster QICK 308 Black,269.99,Radeon RX 7600,8.0,1875.0,2755.0,272.0,AMD,RX 7600,45,115.0,165,8.574391644134968
Asus DUAL OC,409.99,GeForce RTX 4060 Ti,8.0,2310.0,2595.0,227.0,Nvidia,RTX 4060-Ti,26,145.0,160,5.981853215932096
Asus DUAL OC,589.53,GeForce RTX 3060 Ti,8.0,1410.0,1710.0,230.0,Nvidia,RTX 3060-Ti,34,128.0,200,2.6461757671365325
Asus DUAL OC,239.99,GeForce RTX 3050 8GB,8.0,1550.0,1852.0,200.0,Nvidia,RTX 3050,92,74.8,130,7.0877953248051995
MSI VENTUS 3X OC,789.99,GeForce RTX 4070 Ti,12.0,2310.0,2655.0,308.0,Nvidia,RTX 4070-Ti,4,240.0,285,3.142444841073938
Gigabyte WINDFORCE OC,599.99,GeForce RTX 4070 SUPER,12.0,1980.0,2505.0,261.0,Nvidia,RTX 4070,14,190.0,200,3.7375622927048786
PowerColor Fighter OC,509.99,Radeon RX 7800 XT,16.0,1295.0,2475.0,290.0,AMD,RX 7800-XT,13,190.0,270,3.6961509049197043
XFX Speedster QICK 319 BLACK,439.99,Radeon RX 7700 XT,12.0,1700.0,2599.0,335.0,AMD,RX 7700-XT,19,170.0,245,4.885338303143254
Asus DUAL V2,229.99,Radeon RX 6600,8.0,1626.0,2491.0,243.0,AMD,RX 6600,78,86.2,132,8.950389147354233
XFX Speedster MERC 319,599.99,Radeon RX 6950 XT,16.0,2009.0,2368.0,340.0,AMD,RX 6950-XT,11,199.0,335,3.6475607926798777
MSI GAMING X SLIM,2069.99,GeForce RTX 4090,24.0,2235.0,2610.0,322.0,Nvidia,RTX 4090,1,370.0,450,1.1702955086739553
MSI VENTUS 3X OC,479.99,GeForce RTX 4060 Ti,16.0,2310.0,2625.0,308.0,Nvidia,RTX 4060-Ti,26,145.0,160,5.140732098585387
MSI VENTUS 2X OC,749.99,GeForce RTX 4070 Ti,12.0,2310.0,2655.0,242.0,Nvidia,RTX 4070-Ti,4,240.0,285,3.310044133921785
Gigabyte GAMING OC,1572.86,GeForce RTX 4080,16.0,2205.0,2535.0,342.0,Nvidia,RTX 4080,2,290.0,320,1.506809251935964
Gigabyte GAMING OC,859.99,GeForce RTX 4070 Ti,12.0,2310.0,2640.0,336.0,Nvidia,RTX 4070-Ti,4,240.0,285,2.8779404411679206
MSI GAMING X TRIO,978.09,GeForce RTX 4070 Ti,12.0,2310.0,2760.0,337.0,Nvidia,RTX 4070-Ti,4,240.0,285,2.591786031960249
Zotac AMP Extreme Holo,449.99,GeForce RTX 3070 Ti,8.0,1575.0,1890.0,356.0,Nvidia,RTX 3070-Ti,23,158.0,290,3.8500855574568327
ASRock Radeon RX6700XT CLP 12GO,344.99,Radeon RX 6700 XT,12.0,2375.0,2620.0,303.0,AMD,RX 6700-XT,40,122.0,230,7.239340270732485
Asus TUF Gaming OG OC,2387.87,GeForce RTX 4090,24.0,2235.0,2595.0,326.0,Nvidia,RTX 4090,1,370.0,450,1.0113615900363087
MSI GAMING TRIO CLASSIC,1099.99,Radeon RX 7900 XTX,24.0,2300.0,2500.0,325.0,AMD,RX 7900-XTX,3,256.0,355,2.181838016709243
Zotac GAMING SOLO,299.99,GeForce RTX 4060,8.0,1830.0,2460.0,163.0,Nvidia,RTX 4060,39,122.0,115,7.150238341278042
ASRock Phantom Gaming OC,719.99,Radeon RX 7900 XT,20.0,2000.0,2450.0,330.0,AMD,RX 7900-XT,6,220.0,300,3.090320698898596
EVGA FTW3 ULTRA GAMING,1597.0,GeForce RTX 3090,24.0,1395.0,1800.0,300.0,Nvidia,RTX 3090,8,210.0,350,1.0003130870381967
ASRock Steel Legend OC,549.99,Radeon RX 7800 XT,16.0,1295.0,2520.0,304.0,AMD,RX 7800-XT,13,190.0,270,3.468244877179585
PowerColor Red Devil,1029.99,Radeon RX 7900 XTX,24.0,2300.0,2565.0,338.0,AMD,RX 7900-XTX,3,256.0,355,2.361673414304993
Sapphire PURE,479.99,Radeon RX 7700 XT,12.0,1700.0,2584.0,320.0,AMD,RX 7700-XT,19,170.0,245,4.46259297068689
Asus ROG STRIX OC EVA-02,3619.41,GeForce RTX 4090,24.0,2235.0,2640.0,358.0,Nvidia,RTX 4090,1,370.0,450,0.6734523029996602
PowerColor Red Devil OC,719.95,Radeon RX 6800 XT,16.0,1825.0,2340.0,320.0,AMD,RX 6800-XT,18,171.0,300,2.892561983471074
Gigabyte GAMING OC,609.99,GeForce RTX 4070,12.0,1920.0,2565.0,300.0,Nvidia,RTX 4070,14,190.0,200,3.676289775242217
Gigabyte WINDFORCE OC,401.7,GeForce RTX 3060 12GB,12.0,1320.0,1792.0,198.0,Nvidia,RTX 3060,59,100.0,170,3.8735374657704758
Asus ProArt OC,824.99,GeForce RTX 4070 Ti,12.0,2310.0,2760.0,300.0,Nvidia,RTX 4070-Ti,4,240.0,285,3.0727645183577983
MSI VENTUS 2X OC,554.99,GeForce RTX 4070,12.0,1920.0,2520.0,242.0,Nvidia,RTX 4070,14,190.0,200,4.000072073370691
MSI GeForce RTX 2070 SUPER VENTUS GP OC,679.0,GeForce RTX 2070 SUPER,8.0,1605.0,1785.0,258.0,Nvidia,RTX 2070,55,104.0,175,2.496318114874816
EVGA FTW3 ULTRA GAMING,739.99,GeForce RTX 3070 Ti,8.0,1575.0,1860.0,300.0,Nvidia,RTX 3070-Ti,23,158.0,290,2.3209773105041958
MSI GAMING X SLIM,564.99,GeForce RTX 4070,12.0,1920.0,2625.0,307.0,Nvidia,RTX 4070,14,190.0,200,4.022195083098816
Gigabyte AERO OC,1489.9,GeForce RTX 4080,16.0,2205.0,2535.0,342.0,Nvidia,RTX 4080,2,290.0,320,1.5907107859587892
PowerColor Red Dragon OC,700.0,Radeon RX 6800 XT,16.0,1825.0,2310.0,310.0,AMD,RX 6800-XT,18,171.0,300,2.9535714285714283
Asus TUF GAMING OC V2,419.99,GeForce RTX 3060 12GB,12.0,1320.0,1882.0,301.0,Nvidia,RTX 3060,59,100.0,170,3.811995523702945
MSI VENTUS 2X OC,744.99,GeForce RTX 4070 Ti,12.0,2310.0,2655.0,242.0,Nvidia,RTX 4070-Ti,4,240.0,285,3.332259493416019
PowerColor Red Devil OC,569.99,Radeon RX 7800 XT,16.0,1295.0,2565.0,332.0,AMD,RX 7800-XT,13,190.0,270,3.3860243162160737
Asus ROG STRIX OC,389.0,GeForce RTX 4060,8.0,1830.0,2700.0,311.0,Nvidia,RTX 4060,39,122.0,115,5.822622107969151
Asus DUAL Advanced,449.99,GeForce RTX 4060 Ti,16.0,2310.0,2580.0,227.0,Nvidia,RTX 4060-Ti,26,145.0,160,5.433454076757261
Sapphire PULSE,449.99,Radeon RX 7700 XT,12.0,1700.0,2544.0,280.0,AMD,RX 7700-XT,19,170.0,245,4.7156603480077335
Asus DUAL OC V2,279.99,Radeon RX 7600,8.0,1720.0,2715.0,245.0,AMD,RX 7600,45,115.0,165,7.919925711632558
ASRock Phantom Gaming D OC,139.99,Radeon RX 6500 XT,4.0,2365.0,2820.0,240.0,AMD,RX 6500-XT,123,50.3,107,18.519179941424387
XFX Speedster MERC 310,799.99,Radeon RX 7900 XT,20.0,2000.0,2535.0,344.0,AMD,RX 7900-XT,6,220.0,300,2.8344104301303767
NVIDIA Founders Edition,589.0,GeForce RTX 2060 SUPER,8.0,1470.0,1650.0,229.0,Nvidia,RTX 2060,72,89.8,160,2.6485568760611207
PNY VERTO,1844.0,GeForce RTX 4090,24.0,2235.0,2520.0,337.0,Nvidia,RTX 4090,1,370.0,450,1.2893167028199566
NVIDIA Founders Edition,1699.99,GeForce RTX 3090 Ti,24.0,1560.0,1860.0,313.0,Nvidia,RTX 3090-Ti,5,232.0,450,1.0058882699309994
PNY XLR8 Gaming VERTO EPIC-X RGB,1199.0,GeForce RTX 4080,16.0,2205.0,2505.0,332.0,Nvidia,RTX 4080,2,290.0,320,1.964136780650542
Gigabyte OC Low Profile,324.99,GeForce RTX 4060,8.0,1830.0,2475.0,182.0,Nvidia,RTX 4060,39,122.0,115,6.623280716329733
ASRock Steel Legend OC,449.99,Radeon RX 7700 XT,12.0,1700.0,2599.0,304.0,AMD,RX 7700-XT,19,170.0,245,4.776772817173715
MSI SUPRIM X,1639.9,GeForce RTX 4080,16.0,2205.0,2640.0,336.0,Nvidia,RTX 4080,2,290.0,320,1.4772242209890845
MSI GAMING X,409.93,GeForce RTX 4060,8.0,1830.0,2610.0,247.0,Nvidia,RTX 4060,39,122.0,115,5.415558753933598
Zotac Twin Edge OC,559.99,GeForce RTX 4070,12.0,1920.0,2490.0,226.0,Nvidia,RTX 4070,14,190.0,200,3.937570313755603
MSI GAMING X,436.15,Radeon RX 6650 XT,8.0,2055.0,2694.0,278.0,AMD,RX 6650-XT,50,110.0,180,5.444227903244297
ASRock Steel Legend OC,289.99,Radeon RX 7600,8.0,1720.0,2725.0,303.0,AMD,RX 7600,45,115.0,165,7.66405738128901
Asus TUF GAMING OC V2,719.99,GeForce RTX 3070 Ti,8.0,1575.0,1815.0,300.0,Nvidia,RTX 3070-Ti,23,158.0,290,2.354199363880054
Zotac GAMING Twin Edge,399.99,GeForce RTX 4060 Ti,8.0,2310.0,2535.0,226.0,Nvidia,RTX 4060-Ti,26,145.0,160,6.05640141003525
Asus ProArt OC,509.99,GeForce RTX 4060 Ti,16.0,2310.0,2685.0,300.0,Nvidia,RTX 4060-Ti,26,145.0,160,4.897154846173454
Gigabyte GAMING OC,549.9,GeForce RTX 3060 Ti,8.0,1410.0,1740.0,282.0,Nvidia,RTX 3060-Ti,34,128.0,200,2.8641571194762685
Gigabyte WINDFORCE OC 3X,600.0,GeForce RTX 2070 SUPER,8.0,1605.0,1785.0,280.0,Nvidia,RTX 2070,55,104.0,175,2.825
MSI VENTUS 3X E OC,779.99,GeForce RTX 4070 Ti,12.0,2310.0,2655.0,308.0,Nvidia,RTX 4070-Ti,4,240.0,285,3.182733111962974
MSI VENTUS 2X OC,289.18,GeForce RTX 3060 8GB,8.0,1320.0,1807.0,235.0,Nvidia,RTX 3060,59,100.0,170,5.406667127740508
Asus DUAL OC,609.99,GeForce RTX 4070 SUPER,12.0,1980.0,2550.0,267.0,Nvidia,RTX 4070,14,190.0,200,3.7131756258299315
Asus STRIX GAMING OC,1456.12,GeForce RTX 3090,24.0,1395.0,1890.0,318.0,Nvidia,RTX 3090,8,210.0,350,1.1279976924978712
Asus DUAL OC,499.0,GeForce RTX 4060 Ti,16.0,2310.0,2625.0,227.0,Nvidia,RTX 4060-Ti,26,145.0,160,4.944889779559118
Asus ROG STRIX GAMING,2589.37,GeForce RTX 4090,24.0,2235.0,2550.0,358.0,Nvidia,RTX 4090,1,370.0,450,0.9239699231859487
ASRock Phantom Gaming OC,679.99,Radeon RX 7800 XT,16.0,1295.0,2565.0,328.0,AMD,RX 7800-XT,13,190.0,270,2.8382770334857863
PNY VERTO,1272.0,GeForce RTX 4080,16.0,2205.0,2505.0,332.0,Nvidia,RTX 4080,2,290.0,320,1.8514150943396226
Asus ROG STRIX GAMING OC,699.99,GeForce RTX 4070,12.0,1920.0,2640.0,339.0,Nvidia,RTX 4070,14,190.0,200,3.2571893884198344
Zotac GAMING Twin Edge,359.2,GeForce RTX 3060 12GB,12.0,1320.0,1777.0,224.0,Nvidia,RTX 3060,59,100.0,170,4.310968819599109
Gigabyte EAGLE OC,1501.2,GeForce RTX 4080,16.0,2205.0,2520.0,342.0,Nvidia,RTX 4080,2,290.0,320,1.5737410071942446
XFX Speedster SWFT 319,528.41,Radeon RX 6800 XT,16.0,1825.0,2250.0,340.0,AMD,RX 6800-XT,18,171.0,300,3.8559073446755363
PNY VERTO,744.99,GeForce RTX 4070 Ti,12.0,2310.0,2610.0,305.0,Nvidia,RTX 4070-Ti,4,240.0,285,3.3020577457415534
Zotac GAMING Twin Edge OC,549.99,GeForce RTX 4070,12.0,1920.0,2490.0,226.0,Nvidia,RTX 4070,14,190.0,200,4.009163802978236
Asus TUF GAMING OC V2,929.0,GeForce RTX 3080 10GB LHR,10.0,1440.0,1815.0,300.0,Nvidia,RTX 3080,16,187.0,320,1.7518837459634016
PowerColor Fighter,379.99,Radeon RX 6750 XT,12.0,2150.0,2600.0,230.0,AMD,RX 6750-XT,33,130.0,250,6.250164478012579
PNY VERTO,626.16,GeForce RTX 4070,12.0,1920.0,2475.0,247.0,Nvidia,RTX 4070,14,190.0,200,3.5094863932541207
Gigabyte GAMING OC D6X,539.9,GeForce RTX 3060 Ti,8.0,1410.0,1755.0,286.0,Nvidia,RTX 3060-Ti,34,128.0,200,2.931098351546583
ASRock Radeon RX6700XT PGD 12GO,339.99,Radeon RX 6700 XT,12.0,2457.0,2622.0,305.0,AMD,RX 6700-XT,40,122.0,230,7.469337333450984
XFX Speedster SWFT 319 Core,399.99,Radeon RX 6800,16.0,1700.0,2105.0,340.0,AMD,RX 6800,27,143.0,250,4.75636890922273
Zotac GAMING Trinity OC,1680.0,GeForce RTX 4080,16.0,2205.0,2520.0,356.0,Nvidia,RTX 4080,2,290.0,320,1.40625
EVGA FTW3 ULTRA GAMING LE iCX3,1399.95,GeForce RTX 3080 Ti,12.0,1365.0,1800.0,300.0,Nvidia,RTX 3080-Ti,10,204.0,350,1.1303975141969356
MSI RTX 3070 GAMING X TRIO,625.0,GeForce RTX 3070,8.0,1500.0,1830.0,323.0,Nvidia,RTX 3070,25,148.0,220,2.6639999999999997
Asus TUF GAMING,2337.85,GeForce RTX 4090,24.0,2235.0,2550.0,348.0,Nvidia,RTX 4090,1,370.0,450,1.023376178967855
PNY VERTO,389.0,GeForce RTX 4060 Ti,8.0,2310.0,2535.0,245.0,Nvidia,RTX 4060-Ti,26,145.0,160,6.227506426735219
MSI GAMING X TRIO,419.99,Radeon RX 6750 XT,12.0,2150.0,2623.0,327.0,AMD,RX 6750-XT,33,130.0,250,5.68227814947975
PowerColor Hellhound,249.99,Radeon RX 6650 XT,8.0,2055.0,2689.0,220.0,AMD,RX 6650-XT,50,110.0,180,9.488379535181407
MSI MECH 2X CLASSIC OC,269.99,Radeon RX 7600,8.0,1720.0,2695.0,235.0,AMD,RX 7600,45,115.0,165,8.176228749212934
PowerColor Fighter,369.99,Radeon RX 6600 XT,8.0,1968.0,2589.0,200.0,AMD,RX 6600-XT,54,107.0,160,6.1582745479607555
MSI GAMING X SLIM,649.99,GeForce RTX 4070 SUPER,12.0,1980.0,2655.0,307.0,Nvidia,RTX 4070,14,190.0,200,3.5654394682995125
Asus TUF GAMING OC,689.99,GeForce RTX 4070 SUPER,12.0,1980.0,2595.0,301.0,Nvidia,RTX 4070,14,190.0,200,3.3152654386295453
Asus ROG STRIX GAMING,889.99,GeForce RTX 4070 Ti,12.0,2310.0,2640.0,336.0,Nvidia,RTX 4070-Ti,4,240.0,285,2.7809301228103687
Gigabyte WINDFORCE 2X OC,549.99,GeForce RTX 4070,12.0,2475.0,2490.0,201.0,Nvidia,RTX 4070,14,190.0,200,4.513718431244204
Asus DUAL,309.0,Radeon RX 6600,8.0,1626.0,2491.0,243.0,AMD,RX 6600,78,86.2,132,6.661812297734628
Zotac GAMING Trinity,744.99,GeForce RTX 4070 Ti,12.0,2310.0,2610.0,307.0,Nvidia,RTX 4070-Ti,4,240.0,285,3.3020577457415534
ASRock Taichi OC,1212.42,Radeon RX 7900 XTX,24.0,2300.0,2680.0,345.0,AMD,RX 7900-XTX,3,256.0,355,2.053743752165091
Asus STRIX GAMING OC,1050.0,GeForce RTX 2080 Ti,11.0,1350.0,1665.0,305.0,Nvidia,RTX 2080-Ti,24,156.0,250,1.4357142857142857
MSI GAMING X SLIM,509.0,GeForce RTX 4060 Ti,16.0,2310.0,2685.0,307.0,Nvidia,RTX 4060-Ti,26,145.0,160,4.906679764243615
Asus ROG STRIX GAMING OC,569.99,GeForce RTX 4060 Ti,16.0,2310.0,2745.0,311.0,Nvidia,RTX 4060-Ti,26,145.0,160,4.434288320847735
Gigabyte EAGLE OC,619.99,GeForce RTX 4070,12.0,1920.0,2505.0,261.0,Nvidia,RTX 4070,14,190.0,200,3.5686059452571817
EVGA XC3 ULTRA GAMING,799.0,GeForce RTX 3070,8.0,1500.0,1770.0,285.0,Nvidia,RTX 3070,25,148.0,220,2.0463078848560703
Zotac GAMING Trinity OC,2237.32,GeForce RTX 4090,24.0,2235.0,2535.0,356.0,Nvidia,RTX 4090,1,370.0,450,1.0660075447410293
Asus DUAL OC,587.45,Radeon RX 6750 XT,12.0,2150.0,2618.0,295.0,AMD,RX 6750-XT,33,130.0,250,4.058217720657077
Asus DUAL EVO OC,399.0,GeForce RTX 2060,6.0,1365.0,1785.0,242.0,Nvidia,RTX 2060,72,89.8,160,3.947368421052632
Palit Dual,720.97,GeForce RTX 4070,12.0,1920.0,2475.0,269.0,Nvidia,RTX 4070,14,190.0,200,3.0479770309444216
Asus TUF GAMING OC,222.95,Radeon RX 6500 XT,4.0,2310.0,2825.0,250.0,AMD,RX 6500-XT,123,50.3,107,11.516034985422742
Asus ProArt,789.99,GeForce RTX 4070 Ti,12.0,2310.0,2640.0,300.0,Nvidia,RTX 4070-Ti,4,240.0,285,3.132951050013291
Asus TUF GAMING OC,439.99,GeForce RTX 4060 Ti,8.0,2310.0,2655.0,300.0,Nvidia,RTX 4060-Ti,26,145.0,160,5.642173685765585
Asus ROG STRIX LC GAMING OC,3879.99,GeForce RTX 4090,24.0,2235.0,2640.0,293.0,Nvidia,RTX 4090,1,370.0,450,0.6282232686166718
Sparkle TITAN OC,319.99,Arc A770,16.0,2100.0,2300.0,306.0,Intel,Arc A770,51,110.0,225,6.875214850464077
EVGA SC GAMING,289.0,GeForce RTX 2060,6.0,1365.0,1710.0,190.0,Nvidia,RTX 2060,72,89.8,160,5.320069204152249
Gigabyte GAMING OC V2,794.99,GeForce RTX 4070 Ti,12.0,2310.0,2640.0,300.0,Nvidia,RTX 4070-Ti,4,240.0,285,3.1132467075057546
MSI VENTUS 2X E OC,631.73,GeForce RTX 4070,12.0,1920.0,2520.0,245.0,Nvidia,RTX 4070,14,190.0,200,3.514159530179032
Asus Phoenix GeForce RTX 3060 V2,299.99,GeForce RTX 3060 12GB,12.0,1320.0,1807.0,177.0,Nvidia,RTX 3060,59,100.0,170,5.211840394679822
Gigabyte GAMING OC,769.0,GeForce RTX 3070 Ti,8.0,1575.0,1830.0,320.0,Nvidia,RTX 3070-Ti,23,158.0,290,2.2139141742522757
NVIDIA Founders Edition,529.99,GeForce RTX 2070 SUPER,8.0,1605.0,1770.0,267.0,Nvidia,RTX 2070,55,104.0,175,3.1840223400441516
PNY XLR8 Gaming VERTO EPIC-X RGB,799.99,GeForce RTX 4070 Ti,12.0,2310.0,2610.0,332.0,Nvidia,RTX 4070-Ti,4,240.0,285,3.0750384379804747
Gigabyte Vision OC,555.0,GeForce RTX 3070,8.0,1500.0,1815.0,286.0,Nvidia,RTX 3070,25,148.0,220,2.9864864864864864
MSI GAMING X SLIM,1102.99,GeForce RTX 4070 Ti,12.0,2310.0,2745.0,307.0,Nvidia,RTX 4070-Ti,4,240.0,285,2.291498562996945
PNY VERTO,299.99,GeForce RTX 4060,8.0,1830.0,2460.0,210.0,Nvidia,RTX 4060,39,122.0,115,7.150238341278042
Sapphire NITRO+,999.99,Radeon RX 7900 XT,20.0,2000.0,2560.0,320.0,AMD,RX 7900-XT,6,220.0,300,2.2800228002280023
EVGA KO ULTRA GAMING,345.89,GeForce RTX 2060,6.0,1365.0,1755.0,202.0,Nvidia,RTX 2060,72,89.8,160,4.5101043684408335
Gigabyte WINDFORCE OC,389.99,GeForce RTX 4060 Ti,8.0,2310.0,2550.0,201.0,Nvidia,RTX 4060-Ti,26,145.0,160,6.23092899817944
MSI GeForce RTX 3060 Gaming X12G,599.0,GeForce RTX 3060 12GB,12.0,1320.0,1837.0,276.0,Nvidia,RTX 3060,59,100.0,170,2.6352253756260433
Asus ROG STRIX GAMING OC,1999.99,GeForce RTX 4080 SUPER,16.0,2210.0,2670.0,358.0,Nvidia,RTX 4080,2,290.0,320,1.2200061000305
MSI VENTUS 2X OC,609.99,GeForce RTX 4070 SUPER,12.0,1980.0,2520.0,242.0,Nvidia,RTX 4070,14,190.0,200,3.688585058771455
Zotac GAMING Trinity,1439.9,GeForce RTX 4080,16.0,2205.0,2505.0,356.0,Nvidia,RTX 4080,2,290.0,320,1.6355302451559135
Gigabyte VISION OC Rev 2.0,459.99,GeForce RTX 3060 12GB,12.0,1320.0,1837.0,280.0,Nvidia,RTX 3060,59,100.0,170,3.431596339050849
Asus Phoenix,229.99,GeForce RTX 3050 8GB,8.0,1550.0,1807.0,177.0,Nvidia,RTX 3050,92,74.8,130,7.2981433975390235
Zotac Twin Edge,599.99,GeForce RTX 4070 SUPER,12.0,1980.0,2475.0,234.0,Nvidia,RTX 4070,14,190.0,200,3.712561876031267
Asus TUF GAMING OC,589.0,GeForce RTX 3070,8.0,1500.0,1845.0,300.0,Nvidia,RTX 3070,25,148.0,220,2.83955857385399
MSI VENTUS 3X OC,779.0,GeForce RTX 3070 Ti,8.0,1575.0,1800.0,316.0,Nvidia,RTX 3070-Ti,23,158.0,290,2.1662387676508343
Asus TUF GAMING OC,1697.6,GeForce RTX 3080 Ti,12.0,1365.0,1695.0,300.0,Nvidia,RTX 3080-Ti,10,204.0,350,0.9012723845428842
Asus DUAL OC,388.48,GeForce RTX 3060 8GB,8.0,1320.0,1867.0,200.0,Nvidia,RTX 3060,59,100.0,170,4.1018842668863265
Asus Noctua OC,2498.0,GeForce RTX 4080,16.0,2205.0,2625.0,310.0,Nvidia,RTX 4080,2,290.0,320,0.9667734187349879
PNY XLR8 Gaming VERTO EPIC-X RGB OC,749.99,GeForce RTX 4070 Ti,12.0,2310.0,2670.0,332.0,Nvidia,RTX 4070-Ti,4,240.0,285,3.320044267256897
MSI VENTUS 3X E OC,2298.73,GeForce RTX 4090,24.0,2235.0,2565.0,322.0,Nvidia,RTX 4090,1,370.0,450,1.0440547606721973
Asus ROG STRIX GAMING OC,1345.0,GeForce RTX 3080 Ti,12.0,1365.0,1845.0,318.0,Nvidia,RTX 3080-Ti,10,204.0,350,1.1933085501858738
PNY XLR8 Gaming VERTO EPIC-X RGB,1849.0,GeForce RTX 4090,24.0,2230.0,2520.0,332.0,Nvidia,RTX 4090,1,370.0,450,1.2844780962682532
Acer Predator BiFrost OC,259.99,Radeon RX 7600,8.0,1720.0,2725.0,267.0,AMD,RX 7600,45,115.0,165,8.548405707911844
Gigabyte AERO OC,1069.9,GeForce RTX 4070 Ti,12.0,2310.0,2640.0,336.0,Nvidia,RTX 4070-Ti,4,240.0,285,2.313300308440041
Sparkle ORC OC,179.99,Arc A580,8.0,1700.0,2000.0,222.0,Intel,Arc A580,101,67.2,165,10.278348797155397
Asus ProArt OC,689.99,GeForce RTX 4070,12.0,1920.0,2565.0,300.0,Nvidia,RTX 4070,14,190.0,200,3.250047102131915
Asus TUF GAMING OC,469.99,Radeon RX 7700 XT,12.0,1700.0,2599.0,320.0,AMD,RX 7700-XT,19,170.0,245,4.573501563863061
MSI GeForce RTX 3090 TI GAMING X TRIO 24G,2832.94,GeForce RTX 3090 Ti,24.0,1560.0,1920.0,325.0,Nvidia,RTX 3090-Ti,5,232.0,450,0.6142029128749638
EVGA FTW3 ULTRA GAMING,712.76,GeForce RTX 3070,8.0,1500.0,1815.0,300.0,Nvidia,RTX 3070,25,148.0,220,2.3254671979347887
EVGA BLACK GAMING,1213.99,GeForce RTX 2080 SUPER,8.0,1650.0,1815.0,270.0,Nvidia,RTX 2080,37,124.0,215,1.427112249689042
Sapphire PULSE,184.1,Radeon RX 6500 XT,4.0,2310.0,2825.0,194.0,AMD,RX 6500-XT,123,50.3,107,13.946224877783813
Zotac GAMING Twin Edge OC,649.9,GeForce RTX 3070,8.0,1500.0,1755.0,232.0,Nvidia,RTX 3070,25,148.0,220,2.5042314202184954
MSI GAMING X,529.99,GeForce RTX 4060 Ti,16.0,2310.0,2655.0,247.0,Nvidia,RTX 4060-Ti,26,145.0,160,4.684050642464952
Zotac Twin Edge OC,499.0,GeForce RTX 3060 Ti,8.0,1410.0,1695.0,222.0,Nvidia,RTX 3060-Ti,34,128.0,200,3.11122244488978
MSI GAMING X SLIM,1341.0,GeForce RTX 4070,12.0,1920.0,2625.0,307.0,Nvidia,RTX 4070,14,190.0,200,1.6946308724832215
PNY XLR8 Gaming VERTO EPIC-X RGB OC,2198.0,GeForce RTX 4090,24.0,2230.0,2565.0,332.0,Nvidia,RTX 4090,1,370.0,450,1.090764331210191
Asus ROG STRIX GAMING,1499.99,GeForce RTX 4080,16.0,2205.0,2535.0,358.0,Nvidia,RTX 4080,2,290.0,320,1.5800105334035561
ASRock Challenger OC,299.99,Arc A770,16.0,2100.0,2150.0,271.0,Intel,Arc A770,51,110.0,225,7.083569452315077
PNY VERTO,449.99,GeForce RTX 4060 Ti,16.0,2310.0,2535.0,245.0,Nvidia,RTX 4060-Ti,26,145.0,160,5.3834529656214585
Asus TUF GAMING,629.99,GeForce RTX 4070,12.0,2475.0,2505.0,301.0,Nvidia,RTX 4070,14,190.0,200,3.952443689582374
MSI Radeon RX 6600 MECH 2X 8G,394.64,Radeon RX 6600,8.0,1626.0,2491.0,235.0,AMD,RX 6600,78,86.2,132,5.216146361240625
PowerColor Red Devil,565.09,Radeon RX 6700 XT,12.0,2321.0,2622.0,320.0,AMD,RX 6700-XT,40,122.0,230,4.373639597232299
MSI GAMING X TRIO,1365.99,GeForce RTX 3080 Ti,12.0,1365.0,1770.0,324.0,Nvidia,RTX 3080-Ti,10,204.0,350,1.1475193815474491
ASRock Challenger D OC,375.99,Radeon RX 6700 XT,12.0,2330.0,2615.0,269.0,AMD,RX 6700-XT,40,122.0,230,6.575972765233118
Gigabyte EAGLE OC Rev 2.0,876.64,GeForce RTX 4070 Ti,12.0,2310.0,2625.0,261.0,Nvidia,RTX 4070-Ti,4,240.0,285,2.8147244022631868
Gigabyte WINDFORCE V2,2328.95,GeForce RTX 4090,24.0,2235.0,2520.0,331.0,Nvidia,RTX 4090,1,370.0,450,1.0208463041284699
Zotac GAMING Trinity OC,1399.0,GeForce RTX 4080,16.0,2205.0,2520.0,356.0,Nvidia,RTX 4080,2,290.0,320,1.6887062187276625
EVGA XC GAMING,745.0,GeForce RTX 3060 Ti,8.0,1410.0,1710.0,202.0,Nvidia,RTX 3060-Ti,34,128.0,200,2.0939597315436242
MSI GAMING X TRIO,1665.99,GeForce RTX 4080,16.0,2205.0,2610.0,337.0,Nvidia,RTX 4080,2,290.0,320,1.4450867052023122
Asus STRIX GAMING,689.99,GeForce RTX 4070,12.0,2475.0,2505.0,339.0,Nvidia,RTX 4070,14,190.0,200,3.608747952868882
MSI SUPRIM X,929.0,GeForce RTX 4070 Ti,12.0,2310.0,2790.0,338.0,Nvidia,RTX 4070-Ti,4,240.0,285,2.7448869752421956
Inno3D Twin X2,352.52,GeForce RTX 3060 12GB,12.0,1320.0,1777.0,240.0,Nvidia,RTX 3060,59,100.0,170,4.392658572563259
NVIDIA Founders Edition,1197.0,GeForce RTX 2080 Ti,11.0,1350.0,1635.0,267.0,Nvidia,RTX 2080-Ti,24,156.0,250,1.2468671679197996
MSI VENTUS 3X OC,451.12,GeForce RTX 3060 Ti LHR,8.0,1410.0,1695.0,316.0,Nvidia,RTX 3060-Ti,34,128.0,200,3.44143465153396
Inno3D X3,1604.39,GeForce RTX 4080,16.0,2205.0,2535.0,328.0,Nvidia,RTX 4080,2,290.0,320,1.4771969408934236
MSI GAMING X TRIO,685.66,GeForce RTX 3070 Ti,8.0,1575.0,1830.0,323.0,Nvidia,RTX 3070-Ti,23,158.0,290,2.483009071551498
Gigabyte EAGLE,174.99,Radeon RX 6500 XT,4.0,2310.0,2815.0,192.0,AMD,RX 6500-XT,123,50.3,107,14.643693925367163
NVIDIA Founders Edition,890.0,GeForce RTX 2080,8.0,1515.0,1800.0,267.0,Nvidia,RTX 2080,37,124.0,215,1.8623595505617978
ASRock Challenger OC,378.99,Radeon RX 7600,8.0,1720.0,2695.0,269.0,AMD,RX 7600,45,115.0,165,5.824691944378479
Zotac GAMING Twin Edge OC,429.99,GeForce RTX 4060 Ti,8.0,2310.0,2565.0,226.0,Nvidia,RTX 4060-Ti,26,145.0,160,5.668736482243773
Asus ProArt OC,364.99,GeForce RTX 4060,8.0,1830.0,2580.0,300.0,Nvidia,RTX 4060,39,122.0,115,6.041261404422039
XFX Speedster MERC 319 Black,799.99,Radeon RX 6900 XT,16.0,1950.0,2365.0,340.0,AMD,RX 6900-XT,12,195.0,300,2.696908711358892
Asus DUAL OC,509.99,Radeon RX 7800 XT,16.0,1295.0,2520.0,280.0,AMD,RX 7800-XT,13,190.0,270,3.740269417047393
Gigabyte AORUS MASTER,794.73,GeForce RTX 3070,8.0,1500.0,1845.0,290.0,Nvidia,RTX 3070,25,148.0,220,2.104488316786833
Asus ROG STRIX WHITE OC,1750.0,GeForce RTX 3090,24.0,1395.0,1890.0,318.0,Nvidia,RTX 3090,8,210.0,350,0.9385714285714286
PowerColor Hellhound,379.9,Radeon RX 6600 XT,8.0,1968.0,2593.0,220.0,AMD,RX 6600-XT,54,107.0,160,6.002895498815478
Asus ROG STRIX GAMING OC,759.99,GeForce RTX 4070 SUPER,12.0,1980.0,2670.0,339.0,Nvidia,RTX 4070,14,190.0,200,3.059250779615521
EVGA XC3 ULTRA GAMING,998.0,GeForce RTX 3080 10GB,10.0,1440.0,1755.0,285.0,Nvidia,RTX 3080,16,187.0,320,1.6007014028056112
Zotac Twin Edge OC,309.99,GeForce RTX 4060,8.0,1830.0,2475.0,221.0,Nvidia,RTX 4060,39,122.0,115,6.9437723797541855
EVGA FTW3 ULTRA GAMING,2159.0,GeForce RTX 3090 Ti,24.0,1560.0,1920.0,300.0,Nvidia,RTX 3090-Ti,5,232.0,450,0.8059286706808708
PowerColor Red Devil OC,451.05,Radeon RX 6750 XT,12.0,2593.0,2713.0,320.0,AMD,RX 6750-XT,33,130.0,250,5.881831282562908
Gigabyte WINDFORCE,2699.0,GeForce RTX 4090,24.0,2235.0,2520.0,331.0,Nvidia,RTX 4090,1,370.0,450,0.8808818080770655
MSI VENTUS 2X OC,692.0,GeForce RTX 3070,8.0,1500.0,1755.0,232.0,Nvidia,RTX 3070,25,148.0,220,2.351878612716763
PNY XLR8 Gaming VERTO EPIC-X RGB,579.99,GeForce RTX 4070,12.0,1920.0,2475.0,305.0,Nvidia,RTX 4070,14,190.0,200,3.7888584285935965
XFX Speedster SWFT 210,399.99,Radeon RX 6600 XT,8.0,2092.0,2589.0,241.0,AMD,RX 6600-XT,54,107.0,160,5.851396284907122
PowerColor Hellhound OC,469.99,Radeon RX 7700 XT,12.0,1700.0,2599.0,332.0,AMD,RX 7700-XT,19,170.0,245,4.573501563863061
ASRock Phantom Gaming OC,289.99,Radeon RX 7600,8.0,1720.0,2755.0,305.0,AMD,RX 7600,45,115.0,165,7.715783302872513
Asus DUAL OC,629.99,GeForce RTX 4070 SUPER,12.0,1980.0,2550.0,267.0,Nvidia,RTX 4070,14,190.0,200,3.595295163415292
Gigabyte Vision OC,999.99,GeForce RTX 3070 Ti,8.0,1575.0,1830.0,320.0,Nvidia,RTX 3070-Ti,23,158.0,290,1.7025170251702515
Gigabyte AORUS MASTER,1149.95,GeForce RTX 3080 Ti,12.0,1365.0,1770.0,320.0,Nvidia,RTX 3080-Ti,10,204.0,350,1.3631027435975476
Gigabyte EAGLE OC,314.99,GeForce RTX 3050 8GB,8.0,1550.0,1792.0,213.0,Nvidia,RTX 3050,92,74.8,130,5.304930315248103
Zotac GAMING AMP Extreme AIRO,2315.48,GeForce RTX 4090,24.0,2235.0,2580.0,356.0,Nvidia,RTX 4090,1,370.0,450,1.0397412199630314
MSI VENTUS 3X E OC,716.45,GeForce RTX 4070,12.0,1920.0,2520.0,308.0,Nvidia,RTX 4070,14,190.0,200,3.0986112080396397
Asus ROG STRIX GAMING OC V2,1029.0,GeForce RTX 3080 10GB LHR,10.0,1440.0,1935.0,318.0,Nvidia,RTX 3080,16,187.0,320,1.639941690962099
Zotac GAMING AMP Spider-Man: Across the Spider-Verse,748.0,GeForce RTX 4060 Ti,16.0,2310.0,2595.0,226.0,Nvidia,RTX 4060-Ti,26,145.0,160,3.2787433155080214
PowerColor Fighter,269.99,Radeon RX 7600,8.0,1720.0,2655.0,212.0,AMD,RX 7600,45,115.0,165,8.10215193155302
MSI GeForce RTX 3070 VENTUS 3X OC,749.9,GeForce RTX 3070,8.0,1500.0,1755.0,305.0,Nvidia,RTX 3070,25,148.0,220,2.1702893719162555
Asus ROG STRIX GAMING OC V2,624.99,GeForce RTX 3060 12GB,12.0,1320.0,1912.0,300.0,Nvidia,RTX 3060,59,100.0,170,2.585641370261924
PowerColor Fighter OC,449.99,Radeon RX 7700 XT,12.0,1700.0,2584.0,290.0,AMD,RX 7700-XT,19,170.0,245,4.760105780128447
Zotac GAMING Twin Edge OC,299.95,GeForce RTX 3050 8GB,8.0,1550.0,1807.0,224.0,Nvidia,RTX 3050,92,74.8,130,5.595932655442574
ASRock Radeon RX 7900 XT 20GB,929.99,Radeon RX 7900 XT,20.0,2000.0,2400.0,276.0,AMD,RX 7900-XT,6,220.0,300,2.365616834589619
Gigabyte WINDFORCE,1646.89,GeForce RTX 4080,16.0,2205.0,2505.0,330.0,Nvidia,RTX 4080,2,290.0,320,1.4299680002914583
Gigabyte WINDFORCE OC,937.0,GeForce RTX 3060 Ti LHR,8.0,1665.0,1680.0,198.0,Nvidia,RTX 3060-Ti,34,128.0,200,1.7849519743863393
Asus DUAL OC,229.99,Radeon RX 6500 XT,4.0,2310.0,2820.0,201.0,AMD,RX 6500-XT,123,50.3,107,11.152658811252664
ASRock Phantom Gaming D OC,259.99,Radeon RX 6650 XT,8.0,2055.0,2694.0,305.0,AMD,RX 6650-XT,50,110.0,180,9.133043578599176
Gigabyte AORUS MASTER,979.94,GeForce RTX 3070 Ti,8.0,1575.0,1875.0,324.0,Nvidia,RTX 3070-Ti,23,158.0,290,1.7603118558279078
PowerColor RX 7900 XT 20G,1198.0,Radeon RX 7900 XT,20.0,2000.0,2400.0,276.0,AMD,RX 7900-XT,6,220.0,300,1.8363939899833055
Inno3D Twin X2,739.99,GeForce RTX 4070,12.0,1920.0,2475.0,250.0,Nvidia,RTX 4070,14,190.0,200,2.969634724793578
PNY XLR8 Gaming VERTO EPIC-X RGB,329.99,GeForce RTX 4060,8.0,1830.0,2460.0,260.0,Nvidia,RTX 4060,39,122.0,115,6.500196975665929
Asus TUF GAMING,649.0,GeForce RTX 3070 Ti,8.0,1575.0,1800.0,300.0,Nvidia,RTX 3070-Ti,23,158.0,290,2.600154083204931
Zotac GAMING Trinity OC,1159.99,GeForce RTX 3080 10GB,10.0,1440.0,1725.0,318.0,Nvidia,RTX 3080,16,187.0,320,1.3642358985853327
Zotac GAMING AMP Holo,1399.99,GeForce RTX 3080 Ti,12.0,1365.0,1710.0,318.0,Nvidia,RTX 3080-Ti,10,204.0,350,1.0982221301580726
MSI GAMING Z TRIO,767.7,GeForce RTX 3080 12GB LHR,12.0,1260.0,1815.0,323.0,Nvidia,RTX 3080,16,187.0,320,2.0027354435326297
MSI VENTUS 2X OC,619.99,GeForce RTX 4070 SUPER,12.0,1980.0,2520.0,242.0,Nvidia,RTX 4070,14,190.0,200,3.6290907917869646
Asus TUF GAMING,449.99,GeForce RTX 4060 Ti,8.0,2310.0,2565.0,300.0,Nvidia,RTX 4060-Ti,26,145.0,160,5.416787039711993
MSI RTX 3090 SUPRIM X 24G,1499.0,GeForce RTX 3090,24.0,1395.0,1875.0,336.0,Nvidia,RTX 3090,8,210.0,350,1.0907271514342896
PowerColor Red Devil Ultimate,1499.99,Radeon RX 6900 XT,16.0,1825.0,2425.0,320.0,AMD,RX 6900-XT,12,195.0,300,1.4166761111740747
Palit Dual,391.36,GeForce RTX 4060,8.0,1830.0,2460.0,250.0,Nvidia,RTX 4060,39,122.0,115,5.480887162714636
Zotac GAMING Trinity OC,1279.9,GeForce RTX 3080 Ti,12.0,1365.0,1695.0,318.0,Nvidia,RTX 3080-Ti,10,204.0,350,1.1954058910852408
Asus ROG STRIX OC,479.99,GeForce RTX 4060 Ti,8.0,2310.0,2715.0,311.0,Nvidia,RTX 4060-Ti,26,145.0,160,5.234484051751078
Asus ROG STRIX GAMING OC,739.0,GeForce RTX 3070,8.0,1500.0,1905.0,318.0,Nvidia,RTX 3070,25,148.0,220,2.303788903924222
Zotac GAMING Trinity,2359.98,GeForce RTX 4090,24.0,2235.0,2520.0,356.0,Nvidia,RTX 4090,1,370.0,450,1.0074237917270485
Gigabyte GAMING OC,329.99,Radeon RX 6500 XT,4.0,2310.0,2825.0,282.0,AMD,RX 6500-XT,123,50.3,107,7.780538804206188
MSI VENTUS 3X 8GD6X OC,647.53,GeForce RTX 3060 Ti,8.0,1410.0,1695.0,305.0,Nvidia,RTX 3060-Ti,34,128.0,200,2.397572313251896
XFX Speedster QICK 308 Black,424.92,Radeon RX 6600 XT,8.0,2188.0,2607.0,274.0,AMD,RX 6600-XT,54,107.0,160,5.642238539019109
Zotac GAMING Trinity OC,1699.99,GeForce RTX 3090,24.0,1395.0,1710.0,318.0,Nvidia,RTX 3090,8,210.0,350,0.9132406661215655
Asus ROG STRIX GAMING,1829.0,GeForce RTX 4080,16.0,2205.0,2535.0,358.0,Nvidia,RTX 4080,2,290.0,320,1.2957900492072172
EVGA FTW3 ULTRA GAMING,1199.99,GeForce RTX 3080 12GB LHR,12.0,1260.0,1800.0,300.0,Nvidia,RTX 3080,16,187.0,320,1.2750106250885422
Gigabyte EAGLE OC,712.06,GeForce RTX 3060 Ti,8.0,1665.0,1680.0,282.0,Nvidia,RTX 3060-Ti,34,128.0,200,2.3488189197539535
Inno3D Twin X2,918.0,GeForce RTX 4060 Ti,16.0,2310.0,2535.0,250.0,Nvidia,RTX 4060-Ti,26,145.0,160,2.638888888888889
MSI Radeon RX 6800 XT Gaming X Trio 16G,1179.99,Radeon RX 6800 XT,16.0,1850.0,2285.0,324.0,AMD,RX 6800-XT,18,171.0,300,1.7521334926567174
Zotac GAMING Twin Edge,659.29,GeForce RTX 4060 Ti,16.0,2310.0,2535.0,226.0,Nvidia,RTX 4060-Ti,26,145.0,160,3.6744073169621867
EVGA XC3 ULTRA GAMING,739.8,GeForce RTX 3070 Ti,8.0,1575.0,1815.0,285.0,Nvidia,RTX 3070-Ti,23,158.0,290,2.291159772911598
PNY XLR8 Gaming VERTO EPIC-X RGB OC,1399.0,GeForce RTX 4080,16.0,2205.0,2550.0,332.0,Nvidia,RTX 4080,2,290.0,320,1.6994281629735526
MSI GAMING X,1025.78,GeForce RTX 2070 SUPER,8.0,1605.0,1800.0,297.0,Nvidia,RTX 2070,55,104.0,175,1.6597126089414886
PNY VERTO,499.99,GeForce RTX 3070 Ti,8.0,1575.0,1770.0,305.0,Nvidia,RTX 3070-Ti,23,158.0,290,3.3450669013380265
Asus ROG STRIX GAMING OC,449.99,Radeon RX 6600 XT,8.0,1968.0,2607.0,243.0,AMD,RX 6600-XT,54,107.0,160,5.08344629880664
NVIDIA Founders Edition,6015.9,GeForce RTX 2080 SUPER,8.0,1650.0,1815.0,267.0,Nvidia,RTX 2080,37,124.0,215,0.28798683488754806
Gigabyte AORUS ELITE,530.0,GeForce RTX 3060 12GB,12.0,1320.0,1867.0,296.0,Nvidia,RTX 3060,59,100.0,170,3.0066037735849056
Gigabyte GAMING OC,1499.0,GeForce RTX 3090,24.0,1395.0,1755.0,320.0,Nvidia,RTX 3090,8,210.0,350,1.0507004669779854
MSI Radeon RX 6900 XT GAMING X TRIO 16G,1195.07,Radeon RX 6900 XT,16.0,1825.0,2340.0,324.0,AMD,RX 6900-XT,12,195.0,300,1.742575748700913
Palit StormX,354.58,GeForce RTX 4060,8.0,1830.0,2460.0,170.0,Nvidia,RTX 4060,39,122.0,115,6.04941057025213
EVGA FTW3 ULTRA GAMING,525.99,GeForce RTX 3060 Ti LHR,8.0,1410.0,1800.0,285.0,Nvidia,RTX 3060-Ti,34,128.0,200,3.0513888096731874
Palit StormX,499.25,GeForce RTX 4060 Ti,8.0,2310.0,2535.0,170.0,Nvidia,RTX 4060-Ti,26,145.0,160,4.85227841762644
Sapphire PULSE,605.08,Radeon RX 6600 XT,8.0,1968.0,2593.0,240.0,AMD,RX 6600-XT,54,107.0,160,3.7689231176042832
PowerColor Hellhound,508.6,Radeon RX 6700 XT,12.0,2321.0,2581.0,305.0,AMD,RX 6700-XT,40,122.0,230,4.819111285882816
Asus TUF Gaming OG,2499.98,GeForce RTX 4090,24.0,2235.0,2550.0,326.0,Nvidia,RTX 4090,1,370.0,450,0.9570076560612486
Asus TUF-RX6800XT-O16G-GAMING,898.0,Radeon RX 6800 XT,16.0,1825.0,2340.0,320.0,AMD,RX 6800-XT,18,171.0,300,2.3190423162583516
Gigabyte GAMING OC,792.24,Radeon RX 6800 XT,16.0,1825.0,2285.0,286.0,AMD,RX 6800-XT,18,171.0,300,2.593910936079976
EVGA FTW3 ULTRA GAMING,1576.99,GeForce RTX 2080 Ti,11.0,1350.0,1755.0,302.0,Nvidia,RTX 2080-Ti,24,156.0,250,0.9844704151579908
EVGA XC GAMING,385.0,GeForce RTX 3050 8GB,8.0,1550.0,1845.0,202.0,Nvidia,RTX 3050,92,74.8,130,4.409090909090909
Gigabyte AORUS ELITE,629.9,GeForce RTX 3060 Ti,8.0,1410.0,1785.0,296.0,Nvidia,RTX 3060-Ti,34,128.0,200,2.5361168439434834
PowerColor Hellhound,364.98,Radeon RX 6600,8.0,1626.0,2491.0,220.0,AMD,RX 6600,78,86.2,132,5.640035070414816
EVGA XC3 ULTRA GAMING iCX3,1449.0,GeForce RTX 3080 Ti,12.0,1365.0,1725.0,300.0,Nvidia,RTX 3080-Ti,10,204.0,350,1.0662525879917184
PNY XLR8 Gaming VERTO EPIC-X RGB,419.99,GeForce RTX 4060 Ti,8.0,2310.0,2535.0,305.0,Nvidia,RTX 4060-Ti,26,145.0,160,5.767994476058954
Zotac GAMING AMP Extreme AIRO,1497.79,GeForce RTX 4080,16.0,2205.0,2565.0,356.0,Nvidia,RTX 4080,2,290.0,320,1.5923460565232777
EVGA XC ULTRA GAMING,849.0,GeForce RTX 2080,8.0,1515.0,1815.0,270.0,Nvidia,RTX 2080,37,124.0,215,1.9611307420494701
Asus DUAL OC V2,539.1,GeForce RTX 3070 LHR,8.0,1500.0,1800.0,267.0,Nvidia,RTX 3070,25,148.0,220,3.0606566499721755
MSI GAMING X TRIO,635.79,GeForce RTX 2070 SUPER,8.0,1605.0,1800.0,328.0,Nvidia,RTX 2070,55,104.0,175,2.677770962110131
MSI VENTUS 3X OC,1199.99,GeForce RTX 3080 Ti,12.0,1365.0,1695.0,305.0,Nvidia,RTX 3080-Ti,10,204.0,350,1.2750106250885422
AMD â€Ž100-438373,999.99,Radeon RX 6900 XT,16.0,1825.0,2250.0,267.0,AMD,RX 6900-XT,12,195.0,300,2.0375203752037523
Zotac GAMING AMP Extreme AIRO,902.09,GeForce RTX 4070 Ti,12.0,2310.0,2700.0,356.0,Nvidia,RTX 4070-Ti,4,240.0,285,2.7768847897659876
Inno3D Compact,357.94,GeForce RTX 4060,8.0,1830.0,2460.0,155.0,Nvidia,RTX 4060,39,122.0,115,5.992624462200369
EVGA FTW3 ULTRA GAMING iCX3,629.9,GeForce RTX 3060 Ti,8.0,1410.0,1800.0,285.0,Nvidia,RTX 3060-Ti,34,128.0,200,2.5480234957929833
Zotac Trinity Black Edition,649.99,GeForce RTX 4070 SUPER,12.0,1980.0,2475.0,307.0,Nvidia,RTX 4070,14,190.0,200,3.4269757996276864
MSI VENTUS 2X OCV1,627.76,GeForce RTX 3060 Ti LHR,8.0,1410.0,1695.0,235.0,Nvidia,RTX 3060-Ti,34,128.0,200,2.4730788836498023
Asus DUAL OC,279.99,Radeon RX 7600,8.0,1720.0,2745.0,245.0,AMD,RX 7600,45,115.0,165,7.973499053537626
Asus ROG STRIX WHITE OC,1899.99,GeForce RTX 3080 10GB,10.0,1440.0,1935.0,318.0,Nvidia,RTX 3080,16,187.0,320,0.8881625692766804
MSI GAMING Z,583.03,GeForce RTX 2060,6.0,1365.0,1830.0,247.0,Nvidia,RTX 2060,72,89.8,160,2.7399962266092652
Zotac GAMING AMP,384.99,GeForce RTX 3060 Ti LHR,8.0,1410.0,1755.0,232.0,Nvidia,RTX 3060-Ti,34,128.0,200,4.110496376529261
Gigabyte AORUS ELITE,1157.99,GeForce RTX 4070 Ti,12.0,2310.0,2655.0,342.0,Nvidia,RTX 4070-Ti,4,240.0,285,2.1438008963807977
Asus STRIX GAMING OC,549.0,GeForce RTX 2060,6.0,1365.0,1860.0,300.0,Nvidia,RTX 2060,72,89.8,160,2.9371584699453552
MSI VENTUS 2X OC,669.0,GeForce RTX 3070 LHR,8.0,1500.0,1755.0,232.0,Nvidia,RTX 3070,25,148.0,220,2.4327354260089686
Gigabyte GAMING OC,1166.69,Radeon RX 7900 XT,20.0,2000.0,2535.0,331.0,AMD,RX 7900-XT,6,220.0,300,1.9435325579202702
Asus DUAL,409.99,GeForce RTX 4060 Ti,8.0,2310.0,2565.0,227.0,Nvidia,RTX 4060-Ti,26,145.0,160,5.945266957730676
Gigabyte AORUS MASTER,1445.06,GeForce RTX 4070 Ti,12.0,2310.0,2670.0,342.0,Nvidia,RTX 4070-Ti,4,240.0,285,1.7231118431068606
Zotac GAMING AMP Holo,749.0,GeForce RTX 3070 Ti,8.0,1575.0,1830.0,317.0,Nvidia,RTX 3070-Ti,23,158.0,290,2.273030707610147
XFX Speedster QICK 319 BLACK,656.59,Radeon RX 6700 XT,12.0,2457.0,2622.0,323.0,AMD,RX 6700-XT,40,122.0,230,3.867710443351254
PowerColor Hellhound,289.99,Radeon RX 7600,8.0,1720.0,2655.0,234.0,AMD,RX 7600,45,115.0,165,7.5433635642608365
XFX Speedster SWFT 210 Core,269.99,Radeon RX 6650 XT,8.0,2055.0,2635.0,241.0,AMD,RX 6650-XT,50,110.0,180,8.685506870624838
Zotac GAMING Twin Edge OC Spider-Man: Across the Spider-Verse,399.99,GeForce RTX 4060 Ti,8.0,2310.0,2550.0,226.0,Nvidia,RTX 4060-Ti,26,145.0,160,6.075151878796969
ASRock Phantom Gaming OC,459.99,Radeon RX 7700 XT,12.0,1700.0,2599.0,328.0,AMD,RX 7700-XT,19,170.0,245,4.672927672340704
Asus DUAL EVO,519.64,GeForce RTX 2060 12GB,12.0,1470.0,1680.0,242.0,Nvidia,RTX 2060,72,89.8,160,3.0309445000384883
PNY VERTO,270.56,GeForce RTX 3050 8GB,8.0,1550.0,1777.0,228.0,Nvidia,RTX 3050,92,74.8,130,6.1483589591957415
Asus ROG STRIX GAMING OC,955.0,GeForce RTX 3080 12GB LHR,12.0,1260.0,1890.0,318.0,Nvidia,RTX 3080,16,187.0,320,1.649214659685864
Sparkle ORC OC,239.99,Arc A750,8.0,2050.0,2200.0,222.0,Intel,Arc A750,58,100.0,225,8.854535605650234
PowerColor Red Devil OC,1109.99,Radeon RX 6950 XT,16.0,1890.0,2435.0,320.0,AMD,RX 6950-XT,11,199.0,335,1.9482157496914385
Asus TUF GAMING OC V2,619.99,GeForce RTX 3060 Ti LHR,8.0,1410.0,1785.0,301.0,Nvidia,RTX 3060-Ti,34,128.0,200,2.5766544621687446
Palit GameRock,2489.56,GeForce RTX 4090,24.0,2235.0,2520.0,329.0,Nvidia,RTX 4090,1,370.0,450,0.9549880300133357
Palit JetStream,1425.55,GeForce RTX 4080,16.0,2205.0,2505.0,329.0,Nvidia,RTX 4080,2,290.0,320,1.6519939672407142
Asus DUAL,359.99,Radeon RX 6650 XT,8.0,2055.0,2689.0,243.0,AMD,RX 6650-XT,50,110.0,180,6.589071918664407
PNY VERTO,339.99,GeForce RTX 3060 8GB,8.0,1320.0,1777.0,247.0,Nvidia,RTX 3060,59,100.0,170,4.554545721932998
EVGA FTW3 ULTRA GAMING iCX3,699.0,GeForce RTX 3070 LHR,8.0,1500.0,1815.0,300.0,Nvidia,RTX 3070,25,148.0,220,2.3712446351931327
PNY VERTO,279.99,GeForce RTX 3060 12GB,12.0,1320.0,1777.0,247.0,Nvidia,RTX 3060,59,100.0,170,5.530554662666524
MAXSUN iCraft Limited Edition OC,969.98,GeForce RTX 4070 Ti,12.0,2310.0,2385.0,336.0,Nvidia,RTX 4070-Ti,4,240.0,285,2.420152992845213
Asus ROG STRIX GAMING OC V2,724.0,GeForce RTX 3060 Ti LHR,8.0,1410.0,1890.0,318.0,Nvidia,RTX 3060-Ti,34,128.0,200,2.2790055248618786
MSI GAMING X,499.99,Radeon RX 6600 XT,8.0,1968.0,2607.0,277.0,AMD,RX 6600-XT,54,107.0,160,4.575091501830037
Asus DUAL OC,441.14,Radeon RX 6600 XT,8.0,1968.0,2607.0,243.0,AMD,RX 6600-XT,54,107.0,160,5.1854286621027335
Gigabyte GAMING OC PRO,549.0,GeForce RTX 3060 Ti,8.0,1410.0,1770.0,286.0,Nvidia,RTX 3060-Ti,34,128.0,200,2.8961748633879782
PowerColor Red Devil,531.28,Radeon RX 6600 XT,8.0,1968.0,2607.0,251.0,AMD,RX 6600-XT,54,107.0,160,4.305639210962204
Asus DUAL,609.99,GeForce RTX 4070,12.0,2475.0,2505.0,267.0,Nvidia,RTX 4070,14,190.0,200,4.082034131707077
Palit JetStream,983.38,GeForce RTX 4070 Ti,12.0,2310.0,2610.0,329.0,Nvidia,RTX 4070-Ti,4,240.0,285,2.5015761963839003
Asus TUF GAMING OC,1159.0,GeForce RTX 3080 12GB LHR,12.0,1260.0,1815.0,300.0,Nvidia,RTX 3080,16,187.0,320,1.3265746333045727
XFX Speedster MERC 319 Black,599.99,Radeon RX 6700 XT,12.0,2321.0,2622.0,323.0,AMD,RX 6700-XT,40,122.0,230,4.119235320588676
EVGA XC3 ULTRA GAMING iCX3,641.7,GeForce RTX 3070 LHR,8.0,1500.0,1770.0,285.0,Nvidia,RTX 3070,25,148.0,220,2.5479195885928005
MSI VENTUS 3X OC,629.99,GeForce RTX 4070 SUPER,12.0,1980.0,2520.0,308.0,Nvidia,RTX 4070,14,190.0,200,3.57148526167082
MSI VENTUS OC,349.99,GeForce RTX 2060,6.0,1365.0,1710.0,226.0,Nvidia,RTX 2060,72,89.8,160,4.392982656647333
Asus DUAL OC,629.0,Radeon RX 6700 XT,12.0,2321.0,2622.0,295.0,AMD,RX 6700-XT,40,122.0,230,3.9292527821939585
Gigabyte EAGLE OC Rev 2.0,459.99,GeForce RTX 3070 LHR,8.0,1500.0,1770.0,282.0,Nvidia,RTX 3070,25,148.0,220,3.5544250961977433
Gigabyte GAMING OC,569.0,Radeon RX 6600 XT,8.0,1968.0,2593.0,282.0,AMD,RX 6600-XT,54,107.0,160,4.007908611599297
MSI GAMING X TRIO,744.74,GeForce RTX 3060 12GB,12.0,1320.0,1852.0,323.0,Nvidia,RTX 3060,59,100.0,170,2.1296022773048313
PNY XLR8 Gaming VERTO EPIC-X RGB OC,629.99,GeForce RTX 4070,12.0,1920.0,2520.0,305.0,Nvidia,RTX 4070,14,190.0,200,3.5238654581818762
EVGA Black,974.0,GeForce RTX 2070,8.0,1410.0,1620.0,269.0,Nvidia,RTX 2070,55,104.0,175,1.555441478439425
MSI MSI RTX 2070 Ventus 8G Video Card,629.0,GeForce RTX 2070,8.0,1410.0,1620.0,226.0,Nvidia,RTX 2070,55,104.0,175,2.4085850556438793
Zotac GAMING Twin Edge OC Spider-Man: Across the Spider-Verse,649.99,GeForce RTX 4070,12.0,1920.0,2490.0,226.0,Nvidia,RTX 4070,14,190.0,200,3.39235988245973
Asus ROG STRIX OC,339.99,Radeon RX 7600,8.0,1720.0,2755.0,281.0,AMD,RX 7600,45,115.0,165,6.58107591399747
Asus DUAL OC,840.0,GeForce RTX 3060 Ti,8.0,1410.0,1740.0,269.0,Nvidia,RTX 3060-Ti,34,128.0,200,1.875
EVGA XC GAMING,498.0,GeForce RTX 2060,12.0,1365.0,1680.0,268.0,Nvidia,RTX 2060,72,89.8,160,3.057228915662651
EVGA XC3 ULTRA GAMING,1487.0,GeForce RTX 3090,24.0,1395.0,1725.0,285.0,Nvidia,RTX 3090,8,210.0,350,1.0490921318090114
XFX RX-79TMBABF9,1270.99,Radeon RX 7900 XT,20.0,2000.0,2400.0,276.0,AMD,RX 7900-XT,6,220.0,300,1.730934153691217
EVGA XC BLACK GAMING,489.0,GeForce RTX 3060 12GB,12.0,1320.0,1777.0,202.0,Nvidia,RTX 3060,59,100.0,170,3.166666666666667
Zotac GAMING Trinity OC,699.99,GeForce RTX 3070 Ti,8.0,1575.0,1800.0,318.0,Nvidia,RTX 3070-Ti,23,158.0,290,2.4107487249817856
MSI GAMING Z TRIO,659.0,GeForce RTX 3070 LHR,8.0,1500.0,1845.0,323.0,Nvidia,RTX 3070,25,148.0,220,2.53793626707132
Sapphire NITRO+ SE,1211.18,Radeon RX 6900 XT,16.0,1825.0,2365.0,310.0,AMD,RX 6900-XT,12,195.0,300,1.729718126124936
EVGA FTW3 GAMING,2199.0,GeForce RTX 3090 Ti,24.0,1560.0,1890.0,300.0,Nvidia,RTX 3090-Ti,5,232.0,450,0.7844474761255116
PNY XLR8 Gaming REVEL EPIC-X RGB,499.99,GeForce RTX 3070 LHR,8.0,1500.0,1725.0,294.0,Nvidia,RTX 3070,25,148.0,220,3.225064501290026
Asus TUF GAMING OC,1399.99,Radeon RX 6900 XT,16.0,1825.0,2340.0,320.0,AMD,RX 6900-XT,12,195.0,300,1.4875106250758934
Zotac GAMING AMP Holo,629.9,GeForce RTX 3070,8.0,1500.0,1785.0,291.0,Nvidia,RTX 3070,25,148.0,220,2.607556755040483
Zotac Twin Edge,499.9,GeForce RTX 3060 Ti,8.0,1410.0,1665.0,222.0,Nvidia,RTX 3060-Ti,34,128.0,200,3.075615123024605
Asus KO Gaming OC,689.0,GeForce RTX 3070,8.0,1500.0,1845.0,275.0,Nvidia,RTX 3070,25,148.0,220,2.427431059506531
MSI GAMING X,677.94,GeForce RTX 3060 Ti LHR,8.0,1410.0,1770.0,278.0,Nvidia,RTX 3060-Ti,34,128.0,200,2.3453402956013805
PowerColor Red Dragon OC,519.95,Radeon RX 6800,16.0,1700.0,2170.0,310.0,AMD,RX 6800,27,143.0,250,3.721511683815751
ASRock OC Formula,1881.36,Radeon RX 6900 XT,16.0,2125.0,2475.0,332.0,AMD,RX 6900-XT,12,195.0,300,1.2225198792362972
Asus DUAL,334.99,GeForce RTX 3060 8GB,8.0,1320.0,1807.0,200.0,Nvidia,RTX 3060,59,100.0,170,4.667303501597062
MSI Radeon RX 6600 XT MECH 2X 8G OCV1,399.0,Radeon RX 6600 XT,8.0,1968.0,2602.0,215.0,AMD,RX 6600-XT,54,107.0,160,5.726817042606516
Asus TUF GAMING OC,319.99,GeForce RTX 3050 8GB,8.0,1550.0,1875.0,272.0,Nvidia,RTX 3050,92,74.8,130,5.351729741554424
Gigabyte AORUS MASTER Rev 2.0,795.99,GeForce RTX 3070 LHR,8.0,1500.0,1845.0,290.0,Nvidia,RTX 3070,25,148.0,220,2.10115704971168
Asus TUF GAMING V2,439.9,GeForce RTX 3060 12GB,12.0,1320.0,1807.0,301.0,Nvidia,RTX 3060,59,100.0,170,3.5542168674698793
PNY XLR8 Gaming REVEL EPIC-X RGB,289.99,GeForce RTX 3050 8GB,8.0,1552.0,1777.0,247.0,Nvidia,RTX 3050,92,74.8,130,5.739853098382703
Asus DUAL OC V2,549.99,GeForce RTX 3060 Ti LHR,8.0,1410.0,1740.0,269.0,Nvidia,RTX 3060-Ti,34,128.0,200,2.86368843069874
Palit GameRock OC,2430.85,GeForce RTX 4090,24.0,2235.0,2610.0,329.0,Nvidia,RTX 4090,1,370.0,450,0.9965649875557933
Gigabyte GAMING OC,1239.9,GeForce RTX 3080 12GB LHR,12.0,1260.0,1755.0,320.0,Nvidia,RTX 3080,16,187.0,320,1.215823856762642
Gigabyte GAMING OC 3X,847.99,GeForce RTX 2070 SUPER,8.0,1605.0,1815.0,286.0,Nvidia,RTX 2070,55,104.0,175,2.0165332138350687
MSI VENTUS 3X,1998.0,GeForce RTX 4080,16.0,2205.0,2520.0,322.0,Nvidia,RTX 4080,2,290.0,320,1.1824324324324325
XFX Speedster SWFT 319,799.99,Radeon RX 6900 XT,16.0,1825.0,2250.0,340.0,AMD,RX 6900-XT,12,195.0,300,2.546906836335454
Gainward Panther OC,560.29,GeForce RTX 4060 Ti,16.0,2310.0,2595.0,250.0,Nvidia,RTX 4060-Ti,26,145.0,160,4.3771975227114535
Gigabyte GAMING OC,1925.0,GeForce RTX 3090 Ti,24.0,1560.0,1905.0,331.0,Nvidia,RTX 3090-Ti,5,232.0,450,0.9
PowerColor Hellhound Spectral,1323.0,Radeon RX 6700 XT,12.0,2321.0,2581.0,305.0,AMD,RX 6700-XT,40,122.0,230,1.8526077097505669
EVGA XC ULTRA GAMING,1079.0,GeForce RTX 2080 Ti,11.0,1350.0,1650.0,270.0,Nvidia,RTX 2080-Ti,24,156.0,250,1.3901760889712698
MSI VENTUS 3X PLUS OC,1950.51,GeForce RTX 3080 12GB LHR,12.0,1260.0,1740.0,305.0,Nvidia,RTX 3080,16,187.0,320,0.769029638402264
EVGA Black,1499.99,GeForce RTX 2080 Ti,11.0,1350.0,1545.0,270.0,Nvidia,RTX 2080-Ti,24,156.0,250,0.9650064333762225
XFX Speedster QICK 319 Core,439.99,Radeon RX 6800,16.0,1700.0,2105.0,340.0,AMD,RX 6800,27,143.0,250,4.323961908225187
Zotac GAMING Trinity,649.9,GeForce RTX 3070 Ti,8.0,1575.0,1770.0,318.0,Nvidia,RTX 3070-Ti,23,158.0,290,2.5734728419756885
EVGA FTW3 BLACK GAMING,1799.0,GeForce RTX 3090 Ti,24.0,1560.0,1860.0,300.0,Nvidia,RTX 3090-Ti,5,232.0,450,0.9505280711506393
Zotac GAMING Trinity OC,899.9,GeForce RTX 3080 10GB LHR,10.0,1440.0,1725.0,318.0,Nvidia,RTX 3080,16,187.0,320,1.758528725413935
EVGA KO GAMING,475.0,GeForce RTX 2060,6.0,1365.0,1680.0,202.0,Nvidia,RTX 2060,72,89.8,160,3.205263157894737
MSI GAMING X TRIO,639.0,GeForce RTX 3060 Ti,8.0,1410.0,1830.0,323.0,Nvidia,RTX 3060-Ti,34,128.0,200,2.535211267605634
Zotac GAMING Twin Edge OC,629.99,GeForce RTX 4070 SUPER,12.0,1980.0,2490.0,234.0,Nvidia,RTX 4070,14,190.0,200,3.547675359926348
Gainward Phoenix,1769.31,GeForce RTX 4070 Ti,12.0,2310.0,2610.0,329.0,Nvidia,RTX 4070-Ti,4,240.0,285,1.3903725181002764
Palit JetStream,564.82,GeForce RTX 4060 Ti,16.0,2310.0,2535.0,250.0,Nvidia,RTX 4060-Ti,26,145.0,160,4.288977019227364
Asus ROG STRIX GAMING OC,444.13,Radeon RX 6650 XT,8.0,2055.0,2694.0,281.0,AMD,RX 6650-XT,50,110.0,180,5.346407583365231
Gigabyte GAMING OC PRO Rev 3.0,474.66,GeForce RTX 3060 Ti LHR,8.0,1410.0,1770.0,281.0,Nvidia,RTX 3060-Ti,34,128.0,200,3.3497661484009607
EVGA XC GAMING,549.99,GeForce RTX 3060 Ti LHR,8.0,1410.0,1710.0,202.0,Nvidia,RTX 3060-Ti,34,128.0,200,2.836415207549228
Gigabyte GAMING OC Rev 2.0,1499.99,GeForce RTX 3080 10GB LHR,10.0,1440.0,1800.0,320.0,Nvidia,RTX 3080,16,187.0,320,1.0800072000480003
Gigabyte EAGLE OC,999.99,GeForce RTX 3080 10GB,10.0,1440.0,1755.0,320.0,Nvidia,RTX 3080,16,187.0,320,1.5975159751597516
PNY XLR8 Gaming EPIC-X RGB,1549.0,GeForce RTX 3090,24.0,1395.0,1695.0,294.0,Nvidia,RTX 3090,8,210.0,350,0.9974176888315043
Asus DUAL OC,459.99,Radeon RX 7700 XT,12.0,1700.0,2599.0,280.0,AMD,RX 7700-XT,19,170.0,245,4.672927672340704
Asus Phoenix,449.0,GeForce RTX 3060 12GB,12.0,1320.0,1807.0,177.0,Nvidia,RTX 3060,59,100.0,170,3.4821826280623607
Inno3D Twin X2 OC,711.39,GeForce RTX 4070,12.0,1920.0,2505.0,250.0,Nvidia,RTX 4070,14,190.0,200,3.110108379369966
Sparkle TITAN OC,259.99,Arc A750,8.0,2050.0,2300.0,306.0,Intel,Arc A750,58,100.0,225,8.365706373322052
Gigabyte AORUS XTREME,1799.0,GeForce RTX 3090,24.0,1395.0,1860.0,319.0,Nvidia,RTX 3090,8,210.0,350,0.9046692607003892
PNY VERTO OC,599.99,GeForce RTX 4070 SUPER,2.0,1980.0,2490.0,247.0,Nvidia,RTX 4070,14,190.0,200,3.725062084368073
Sapphire TOXIC Limited Edition,1388.9,Radeon RX 6900 XT,16.0,1825.0,2600.0,270.0,AMD,RX 6900-XT,12,195.0,300,1.5929872561019511
Gigabyte GAMING OC,1720.23,Radeon RX 6900 XT,16.0,1825.0,2285.0,286.0,AMD,RX 6900-XT,12,195.0,300,1.1946076978078513
Asus Turbo EVO,695.0,GeForce RTX 2060 SUPER,8.0,1500.0,1680.0,268.0,Nvidia,RTX 2060,72,89.8,160,2.287769784172662
EVGA XC3 BLACK GAMING,899.99,GeForce RTX 3070,8.0,1500.0,1725.0,285.0,Nvidia,RTX 3070,25,148.0,220,1.79168657429527
Palit JetStream,779.48,GeForce RTX 4070,12.0,1920.0,2475.0,329.0,Nvidia,RTX 4070,14,190.0,200,2.819187150407964
Asus KO OC,599.0,GeForce RTX 3060 Ti,8.0,1410.0,1785.0,275.0,Nvidia,RTX 3060-Ti,34,128.0,200,2.6669449081803007
MSI GeForce RTX 3070 Ventus 3X 8G OC LHR,619.99,GeForce RTX 3070 LHR,8.0,1500.0,1755.0,305.0,Nvidia,RTX 3070,25,148.0,220,2.6250423393925706
Asus TUF GAMING OC V2,659.9,GeForce RTX 3070 LHR,8.0,1500.0,1845.0,300.0,Nvidia,RTX 3070,25,148.0,220,2.5344749204424915
Zotac GAMING Twin Edge OC,599.9,GeForce RTX 3070 LHR,8.0,1500.0,1755.0,232.0,Nvidia,RTX 3070,25,148.0,220,2.7129521586931156
MSI GeForce RTX 3070 VENTUS 3X,749.9,GeForce RTX 3070,8.0,1500.0,1725.0,305.0,Nvidia,RTX 3070,25,148.0,220,2.150286704893986
MSI SUPRIM,899.99,GeForce RTX 4070 Ti,12.0,2310.0,2760.0,338.0,Nvidia,RTX 4070-Ti,4,240.0,285,2.8166979633107037
MSI VENTUS,849.0,GeForce RTX 2080,8.0,1515.0,1710.0,268.0,Nvidia,RTX 2080,37,124.0,215,1.8992932862190814
Palit JetStream OC,591.21,GeForce RTX 4060 Ti,16.0,2310.0,2595.0,250.0,Nvidia,RTX 4060-Ti,26,145.0,160,4.148272187547572
Zotac GAMING Trinity OC,1372.0,GeForce RTX 3080 12GB LHR,12.0,1260.0,1725.0,318.0,Nvidia,RTX 3080,16,187.0,320,1.0878279883381925
Palit Dual,505.44,GeForce RTX 4060 Ti,8.0,2310.0,2535.0,250.0,Nvidia,RTX 4060-Ti,26,145.0,160,4.792853751187085
Gigabyte GAMING OC PRO,566.72,Radeon RX 6600 XT,8.0,1968.0,2607.0,282.0,AMD,RX 6600-XT,54,107.0,160,4.036384810841332
EVGA XC ULTRA GAMING,4835.52,GeForce RTX 2060,6.0,1365.0,1830.0,268.0,Nvidia,RTX 2060,72,89.8,160,0.33036777843954734
Asus ROG STRIX GAMING OC V2,689.9,GeForce RTX 3070 LHR,8.0,1500.0,1935.0,318.0,Nvidia,RTX 3070,25,148.0,220,2.4894912306131323
EVGA FTW3 ULTRA HYBRID GAMING iCX3,1449.99,GeForce RTX 3080 Ti,12.0,1365.0,1800.0,300.0,Nvidia,RTX 3080-Ti,10,204.0,350,1.091386837150601
XFX Speedster QICK 308 ULTRA,527.19,Radeon RX 6650 XT,8.0,2055.0,2689.0,274.0,AMD,RX 6650-XT,50,110.0,180,4.499326618486693
EVGA XC3 BLACK GAMING,999.0,GeForce RTX 3080 12GB LHR,12.0,1260.0,1710.0,285.0,Nvidia,RTX 3080,16,187.0,320,1.4864864864864864
Gainward NE6306T019P2-190AB,495.0,GeForce RTX 3060 Ti LHR,8.0,1410.0,1665.0,247.0,Nvidia,RTX 3060-Ti,34,128.0,200,3.1060606060606064
MSI VENTUS XS OC,549.99,GeForce RTX 2060,6.0,1365.0,1710.0,205.0,Nvidia,RTX 2060,72,89.8,160,2.7955053728249606
Zotac GAMING AMP Holo,2299.98,GeForce RTX 3080 10GB,10.0,1440.0,1770.0,318.0,Nvidia,RTX 3080,16,187.0,320,0.697832155062218
PowerColor Red Devil OC,1148.88,Radeon RX 6900 XT,16.0,2015.0,2340.0,332.0,AMD,RX 6900-XT,12,195.0,300,1.8953241417728568
Inno3D iChill X3,992.05,GeForce RTX 4070 Ti,12.0,2310.0,2670.0,334.0,Nvidia,RTX 4070-Ti,4,240.0,285,2.5099541353762413
Gigabyte AORUS ELITE Rev 2.0,649.9,GeForce RTX 3060 Ti LHR,8.0,1410.0,1785.0,296.0,Nvidia,RTX 3060-Ti,34,128.0,200,2.458070472380366
MSI VENTUS 3X OC LHR,911.0,GeForce RTX 3080 10GB LHR,10.0,1440.0,1740.0,305.0,Nvidia,RTX 3080,16,187.0,320,1.7453347969264543
Gigabyte EAGLE,460.5,GeForce RTX 3050 8GB,8.0,1550.0,1777.0,213.0,Nvidia,RTX 3050,92,74.8,130,3.6123778501628667
EVGA XC3 ULTRA GAMING,1189.99,GeForce RTX 3080 12GB LHR,12.0,1260.0,1755.0,285.0,Nvidia,RTX 3080,16,187.0,320,1.2668173682131783
XFX Speedster MERC 308 Black,425.99,Radeon RX 6600 XT,8.0,2188.0,2607.0,274.0,AMD,RX 6600-XT,54,107.0,160,5.628066386534895
Asus KO GAMING OC V2,659.0,GeForce RTX 3070 LHR,8.0,1500.0,1845.0,275.0,Nvidia,RTX 3070,25,148.0,220,2.53793626707132
MSI Radeon RX 6800 GAMING X TRIO 16G,1115.48,Radeon RX 6800,16.0,1700.0,2155.0,324.0,AMD,RX 6800,27,143.0,250,1.7279556782730303
Gigabyte OC Rev 2.0,399.99,GeForce RTX 2060,6.0,1365.0,1755.0,226.0,Nvidia,RTX 2060,72,89.8,160,3.9000975024375606
PowerColor Red Devil,1245.0,Radeon RX 7900 XT,20.0,2000.0,2535.0,338.0,AMD,RX 7900-XT,6,220.0,300,1.821285140562249
Palit Dual OC,742.78,GeForce RTX 4070,12.0,1920.0,2550.0,269.0,Nvidia,RTX 4070,14,190.0,200,3.0089663157327875
Sapphire NITRO+,1399.0,Radeon RX 6900 XT,16.0,1825.0,2285.0,310.0,AMD,RX 6900-XT,12,195.0,300,1.4689063616869191
Gigabyte AORUS XTREME WATERFORCE,1879.0,GeForce RTX 3080 10GB,10.0,1440.0,1845.0,252.0,Nvidia,RTX 3080,16,187.0,320,0.8741351782863225
Asus TUF GAMING OC,799.99,GeForce RTX 3060 Ti,8.0,1410.0,1785.0,301.0,Nvidia,RTX 3060-Ti,34,128.0,200,1.9968999612495155
Gigabyte AORUS MASTER,1899.0,Radeon RX 6800 XT,16.0,1825.0,2310.0,324.0,AMD,RX 6800-XT,18,171.0,300,1.0887309110057926
Asus KO OC V2,609.18,GeForce RTX 3060 12GB,12.0,1320.0,1882.0,275.0,Nvidia,RTX 3060,59,100.0,170,2.628123050658262
Asus TUF-RTX3060-O12G-DEMONSLAYER,588.0,GeForce RTX 3060 12GB,12.0,1320.0,1882.0,301.0,Nvidia,RTX 3060,59,100.0,170,2.7227891156462585
MSI Radeon RX 6900 XT GAMING Z TRIO 16G,1247.97,Radeon RX 6900 XT,16.0,1825.0,2425.0,324.0,AMD,RX 6900-XT,12,195.0,300,1.7027652908323117
Asus STRIX GAMING,1079.0,GeForce RTX 2080 Ti,11.0,1350.0,1560.0,305.0,Nvidia,RTX 2080-Ti,24,156.0,250,1.3484708063021316
PNY Blower,999.0,GeForce RTX 2080 Ti,11.0,1350.0,1545.0,267.0,Nvidia,RTX 2080-Ti,24,156.0,250,1.4489489489489489
Zotac GAMING AMP Core Holo,1599.0,GeForce RTX 3090,24.0,1395.0,1755.0,328.0,Nvidia,RTX 3090,8,210.0,350,0.9849906191369606
EVGA XC GAMING,1020.52,GeForce RTX 2070,8.0,1410.0,1710.0,269.0,Nvidia,RTX 2070,55,104.0,175,1.5286324618821778
Palit Dual OC,526.55,GeForce RTX 4060 Ti,8.0,2310.0,2685.0,250.0,Nvidia,RTX 4060-Ti,26,145.0,160,4.74313930301016
Inno3D X3 OC,1032.87,GeForce RTX 4070,12.0,1920.0,2505.0,297.0,Nvidia,RTX 4070,14,190.0,200,2.142089517557873
Asus KO GAMING OC V2,659.0,GeForce RTX 3060 Ti LHR,8.0,1410.0,1785.0,275.0,Nvidia,RTX 3060-Ti,34,128.0,200,2.4241274658573593
MSI GAMING,559.99,GeForce RTX 2060,6.0,1365.0,1680.0,247.0,Nvidia,RTX 2060,72,89.8,160,2.7187985499741067
EVGA XC3 BLACK GAMING,1099.0,GeForce RTX 3080 10GB,10.0,1440.0,1710.0,285.0,Nvidia,RTX 3080,16,187.0,320,1.4331210191082802
Gigabyte EAGLE,1899.0,GeForce RTX 3080 12GB LHR,12.0,1260.0,1710.0,320.0,Nvidia,RTX 3080,16,187.0,320,0.7819905213270142
Asus ROG STRIX LC GAMING OC,1689.0,GeForce RTX 3080 Ti,12.0,1365.0,1860.0,293.0,Nvidia,RTX 3080-Ti,10,204.0,350,0.9547069271758437
EVGA XC BLACK GAMING,378.0,GeForce RTX 3050 8GB,8.0,1550.0,1777.0,202.0,Nvidia,RTX 3050,92,74.8,130,4.40079365079365
EVGA XC HYBRID GAMING,899.95,GeForce RTX 2080 SUPER,8.0,1650.0,1830.0,266.0,Nvidia,RTX 2080,37,124.0,215,1.9334407467081505
XFX RX-68XTACBD9,909.0,Radeon RX 6800 XT,16.0,1925.0,2360.0,340.0,AMD,RX 6800-XT,18,171.0,300,2.356985698569857
Gigabyte AORUS MASTER,1929.0,GeForce RTX 3090,24.0,1395.0,1785.0,319.0,Nvidia,RTX 3090,8,210.0,350,0.8242612752721616
XFX Speedster QICK 319 Core,389.99,Radeon RX 6750 XT,12.0,2150.0,2600.0,323.0,AMD,RX 6750-XT,33,130.0,250,6.089899741019
MSI GeForce RTX 3070 Suprim X 8G LHR,799.0,GeForce RTX 3070 LHR,8.0,1500.0,1920.0,335.0,Nvidia,RTX 3070,25,148.0,220,2.1401752190237797
EVGA Black,849.0,GeForce RTX 2080,8.0,1515.0,1710.0,269.0,Nvidia,RTX 2080,37,124.0,215,1.8992932862190814
Gainward Phantom GS,2984.2,GeForce RTX 4080,16.0,2205.0,2640.0,329.0,Nvidia,RTX 4080,2,290.0,320,0.8117753501776022
EVGA XC HYBRID GAMING,2499.98,GeForce RTX 2080 Ti,11.0,1350.0,1635.0,269.0,Nvidia,RTX 2080-Ti,24,156.0,250,0.5970047760382082
Sapphire NITRO+,520.0,Radeon RX 6650 XT,8.0,2055.0,2694.0,260.0,AMD,RX 6650-XT,50,110.0,180,4.566346153846154
Palit GamingPro OC,771.39,GeForce RTX 4070,12.0,1920.0,2595.0,329.0,Nvidia,RTX 4070,14,190.0,200,2.926535215649672
Asus ROG-STRIX-LC-RX6900XT-T16G-GAMING,1929.82,Radeon RX 6900 XT,16.0,1825.0,2525.0,277.0,AMD,RX 6900-XT,12,195.0,300,1.1270481184773709
Gigabyte EAGLE OC,1642.06,GeForce RTX 3090,24.0,1395.0,1725.0,320.0,Nvidia,RTX 3090,8,210.0,350,0.9500261866192465
Palit StormX,1289.0,GeForce RTX 2060,6.0,1365.0,1680.0,168.0,Nvidia,RTX 2060,72,89.8,160,1.1811481768813032
XFX Speedster MERC 319 Limited,799.99,Radeon RX 6900 XT,16.0,1825.0,2495.0,340.0,AMD,RX 6900-XT,12,195.0,300,2.7000337504218805
Palit GamingPro,1452.31,GeForce RTX 4080,16.0,2205.0,2505.0,329.0,Nvidia,RTX 4080,2,290.0,320,1.6215546267670127
XFX Speedster QICK 319 Core,1019.0,Radeon RX 6700 XT,12.0,2321.0,2581.0,323.0,AMD,RX 6700-XT,40,122.0,230,2.4052993130520117
PowerColor AXRX 6700XT 12GBD6-M3DH,699.0,Radeon RX 6700 XT,12.0,2321.0,2581.0,267.0,AMD,RX 6700-XT,40,122.0,230,3.5064377682403434
MSI GAMING SLIM,789.99,GeForce RTX 4070 Ti,12.0,2310.0,2625.0,307.0,Nvidia,RTX 4070-Ti,4,240.0,285,3.123457258952645
Inno3D iChill X4,1296.89,GeForce RTX 3070 Ti,8.0,1575.0,1830.0,300.0,Nvidia,RTX 3070-Ti,23,158.0,290,1.312755900654643
MSI DUKE,675.0,GeForce RTX 2070,8.0,1410.0,1755.0,314.0,Nvidia,RTX 2070,55,104.0,175,2.3444444444444446
EVGA FTW3 GAMING,1079.0,GeForce RTX 2080 Ti,11.0,1350.0,1545.0,302.0,Nvidia,RTX 2080-Ti,24,156.0,250,1.3415199258572752
Gigabyte AORUS XTREME WATERFORCE,1998.0,GeForce RTX 3080 12GB LHR,12.0,1260.0,1830.0,252.0,Nvidia,RTX 3080,16,187.0,320,0.7732732732732732
Asus TUF GAMING V2,619.9,GeForce RTX 3060 Ti LHR,8.0,1410.0,1695.0,301.0,Nvidia,RTX 3060-Ti,34,128.0,200,2.504436199386998
Zotac AMP Extreme Holo,2276.13,GeForce RTX 3080 Ti,12.0,1365.0,1785.0,356.0,Nvidia,RTX 3080-Ti,10,204.0,350,0.6919639915119083
MSI VENTUS 3X OC,911.0,GeForce RTX 3080 10GB LHR,10.0,1440.0,1740.0,305.0,Nvidia,RTX 3080,16,187.0,320,1.7453347969264543
Gigabyte AORUS MASTER,1449.99,GeForce RTX 3080 12GB LHR,12.0,1260.0,1830.0,319.0,Nvidia,RTX 3080,16,187.0,320,1.0655245898247574
Zotac GAMING Trinity,1989.99,GeForce RTX 3080 Ti,12.0,1365.0,1665.0,318.0,Nvidia,RTX 3080-Ti,10,204.0,350,0.7613103583435092
Asus Turbo,499.0,GeForce RTX 2060,6.0,1365.0,1710.0,268.0,Nvidia,RTX 2060,72,89.8,160,3.0811623246492985
XFX Speedster MERC 319 Ultra,1799.99,Radeon RX 6900 XT,16.0,1925.0,2340.0,340.0,AMD,RX 6900-XT,12,195.0,300,1.1847288040489115
Sapphire TOXIC Limited Edition,1339.0,Radeon RX 6900 XT,16.0,1825.0,2600.0,270.0,AMD,RX 6900-XT,12,195.0,300,1.6523525018670648
Sapphire Toxic Extreme Edition,1782.2,Radeon RX 6900 XT,16.0,1825.0,2525.0,270.0,AMD,RX 6900-XT,12,195.0,300,1.2204017506452698
XFX Speedster MERC 319,799.99,Radeon RX 6900 XT,16.0,1825.0,2365.0,340.0,AMD,RX 6900-XT,12,195.0,300,2.618782734784185
Asus TUF GAMING V2,549.9,GeForce RTX 3070 LHR,8.0,1500.0,1755.0,300.0,Nvidia,RTX 3070,25,148.0,220,2.9596290234588105
Gigabyte AORUS MASTER,1015.48,Radeon RX 6800,16.0,1700.0,2190.0,324.0,AMD,RX 6800,27,143.0,250,1.9153503761767832
MSI VENTUS 2X OCV1,310.14,GeForce RTX 3050 8GB,8.0,1550.0,1807.0,236.0,Nvidia,RTX 3050,92,74.8,130,5.41207196749855
Asus DUAL,698.97,GeForce RTX 2060,6.0,1365.0,1680.0,270.0,Nvidia,RTX 2060,72,89.8,160,2.1782050731791065
EVGA XC3 BLACK GAMING,889.9,GeForce RTX 3080 10GB LHR,10.0,1440.0,1710.0,285.0,Nvidia,RTX 3080,16,187.0,320,1.7698617822227218
PNY XLR8 Gaming Overclocked Edition,1989.0,GeForce RTX 2080 Ti,11.0,1350.0,1635.0,302.0,Nvidia,RTX 2080-Ti,24,156.0,250,0.7503770739064857
PowerColor Red Devil Limited Edition,1999.99,Radeon RX 6900 XT,16.0,1825.0,2340.0,320.0,AMD,RX 6900-XT,12,195.0,300,1.0412552062760314
XFX Speedster QICK 319 BLACK,846.99,Radeon RX 6800,16.0,1850.0,2190.0,340.0,AMD,RX 6800,27,143.0,250,2.3849159966469498
Inno3D N30602-08D6-11902130,335.53,GeForce RTX 3050 8GB,8.0,1320.0,1777.0,240.0,Nvidia,RTX 3050,92,74.8,130,4.615086579441481
Asus STRIX GAMING Advanced,675.0,GeForce RTX 2070,8.0,1410.0,1680.0,300.0,Nvidia,RTX 2070,55,104.0,175,2.2888888888888888
EVGA XC3 BLACK GAMING,789.99,GeForce RTX 3070 LHR,8.0,1500.0,1725.0,285.0,Nvidia,RTX 3070,25,148.0,220,2.0411650780389623
Palit GamingPro,879.27,GeForce RTX 4070,12.0,1920.0,2475.0,329.0,Nvidia,RTX 4070,14,190.0,200,2.499232317718107
